"tick";"Running scenario number";"random_seed";"Certificate price (Euro)";"Power price Norway (Euro)";"Power price Sweden (Euro)";"Number of plants i Norway (acc)";"Number of plants i Sweden (acc)";"Added annual production Norway (acc) (MWh)";"Added annual production Sweden (acc) (MWh)";"Eligible annual production Norway (MWh)";"Eligible annual production Sweden (MWh)";"Eligible annual production Total (MWh)";"Added wind capacity Norway (acc) (MW)";"Added wind capacity Sweden (acc) (MW)";"Added hydro capacity Norway (acc) (MW)";"Added hydro capacity Sweden (acc) (MW)";"Added all other capacity Norway (acc) (MW)";"Added all other capacity Sweden (acc) (MW)";"Certificate balance (MW)";"Total capacity added Norway (acc) (MW)";"Total capacity added Sweden (acc) (MW)";"Added wind production Norway (acc) (MWh)";"Added hydo production Norway (acc) (MWh)";"Added all other production Norway (acc) (MWh)";"Added hydro production Sweden (acc) (MWh)";"Added all other production Sweden (acc) (MWh)";"Added wind production Sweden (acc) (MWh)"
0.0;0.0;7;20.2;32.0601227277;34.3958560914425;2.0;52.0;48004.8;2.2171743959999993E7;48004.8;1322943.96;1370948.76;1.6;499.85;5.0;1.0;0.0;2380.0;5740524.637002062;6.6;2880.85;4204.8;43800.0;0.0;8760.0;2.08488E7;1314183.96
1.0;0.0;7;18.37;32.0601227277;34.3958560914425;2.0;52.0;48004.8;2.2171743959999993E7;48004.8;1322943.96;1370948.76;1.6;499.85;5.0;1.0;0.0;2380.0;5691841.554128335;6.6;2880.85;4204.8;43800.0;0.0;8760.0;2.08488E7;1314183.96
2.0;0.0;7;24.92;32.0601227277;34.3958560914425;2.0;52.0;48004.8;2.2171743959999993E7;48004.8;1322943.96;1370948.76;1.6;499.85;5.0;1.0;0.0;2380.0;-1464127.2018839372;6.6;2880.85;4204.8;43800.0;0.0;8760.0;2.08488E7;1314183.96
3.0;0.0;7;18.77;32.0601227277;34.3958560914425;2.0;52.0;48004.8;2.2171743959999993E7;48004.8;1322943.96;1370948.76;1.6;499.85;5.0;1.0;0.0;2380.0;2138153.8470899295;6.6;2880.85;4204.8;43800.0;0.0;8760.0;2.08488E7;1314183.96
4.0;0.0;7;18.26;32.0601227277;34.3958560914425;2.0;52.0;48004.8;2.2171743959999993E7;48004.8;1322943.96;1370948.76;1.6;499.85;5.0;1.0;0.0;2380.0;3305375.0493793823;6.6;2880.85;4204.8;43800.0;0.0;8760.0;2.08488E7;1314183.96
5.0;0.0;7;18.37;32.0601227277;34.3958560914425;2.0;52.0;48004.8;2.2171743959999993E7;48004.8;1322943.96;1370948.76;1.6;499.85;5.0;1.0;0.0;2380.0;2763914.3055461645;6.6;2880.85;4204.8;43800.0;0.0;8760.0;2.08488E7;1314183.96
6.0;0.0;7;19.81;32.0601227277;34.3958560914425;2.0;52.0;48004.8;2.2171743959999993E7;48004.8;1322943.96;1370948.76;1.6;499.85;5.0;1.0;0.0;2380.0;174653.9029501509;6.6;2880.85;4204.8;43800.0;0.0;8760.0;2.08488E7;1314183.96
7.0;0.0;7;20.22;32.0601227277;34.3958560914425;2.0;52.0;48004.8;2.2171743959999993E7;48004.8;1322943.96;1370948.76;1.6;499.85;5.0;1.0;0.0;2380.0;-165115.4037104617;6.6;2880.85;4204.8;43800.0;0.0;8760.0;2.08488E7;1314183.96
8.0;0.0;7;20.99;32.0601227277;34.3958560914425;2.0;52.0;48004.8;2.2171743959999993E7;48004.8;1322943.96;1370948.76;1.6;499.85;5.0;1.0;0.0;2380.0;-80356.7651404175;6.6;2880.85;4204.8;43800.0;0.0;8760.0;2.08488E7;1314183.96
9.0;0.0;7;22.33;32.0601227277;34.3958560914425;2.0;52.0;48004.8;2.2171743959999993E7;48004.8;1322943.96;1370948.76;1.6;499.85;5.0;1.0;0.0;2380.0;197481.70248951484;6.6;2880.85;4204.8;43800.0;0.0;8760.0;2.08488E7;1314183.96
10.0;0.0;7;22.92;32.0601227277;34.3958560914425;2.0;52.0;48004.8;2.2171743959999993E7;48004.8;1322943.96;1370948.76;1.6;499.85;5.0;1.0;0.0;2380.0;1479606.594695279;6.6;2880.85;4204.8;43800.0;0.0;8760.0;2.08488E7;1314183.96
11.0;0.0;7;24.09;32.0601227277;34.3958560914425;2.0;52.0;48004.8;2.2171743959999993E7;48004.8;1322943.96;1370948.76;1.6;499.85;5.0;1.0;0.0;2380.0;3098047.5388013306;6.6;2880.85;4204.8;43800.0;0.0;8760.0;2.08488E7;1314183.96
12.0;0.0;7;23.71;39.63250876833333;40.95295783999999;2.0;57.0;48004.8;2.3513600759999994E7;48004.8;1464680.76;1512685.56;1.6;553.35;5.0;1.0;0.0;2517.0;4710242.446445843;6.6;3071.35;4204.8;43800.0;0.0;8760.0;2.204892E7;1455920.76
13.0;0.0;7;25.15;39.63250876833333;40.95295783999999;3.0;58.0;1248124.8;2.3886513959999993E7;1248124.8;1837593.96;3085718.76;1.6;682.35;142.0;1.0;0.0;2517.0;2971070.777863466;143.6;3200.35;4204.8;1243920.0;0.0;8760.0;2.204892E7;1828833.96
14.0;0.0;7;23.19;39.63250876833333;40.95295783999999;3.0;62.0;1248124.8;2.4134619059999995E7;1248124.8;2085699.06;3333823.8600000003;1.6;775.7;142.0;1.0;0.0;2517.0;4281907.048278451;143.6;3293.7;4204.8;1243920.0;0.0;8760.0;2.204892E7;2076939.06
15.0;0.0;7;24.68;39.63250876833333;40.95295783999999;5.0;64.0;1426566.0;2.4374993459999993E7;1426566.0;2326073.46;3752639.46;62.6;851.7;142.0;1.0;0.0;2517.0;3958613.1545874653;204.6;3369.7;182646.0;1243920.0;0.0;8760.0;2.204892E7;2317313.46
16.0;0.0;7;21.61;39.63250876833333;40.95295783999999;5.0;67.0;1426566.0;2.469722129999999E7;1426566.0;2648301.3000000003;4074867.3000000003;62.6;954.1;142.0;1.0;0.0;2517.0;5093186.626070619;204.6;3472.1;182646.0;1243920.0;0.0;8760.0;2.204892E7;2639541.3
17.0;0.0;7;20.09;39.63250876833333;40.95295783999999;5.0;67.0;1426566.0;2.469722129999999E7;1426566.0;2648301.3000000003;4074867.3000000003;62.6;954.1;142.0;1.0;0.0;2517.0;4419971.363025418;204.6;3472.1;182646.0;1243920.0;0.0;8760.0;2.204892E7;2639541.3
18.0;0.0;7;21.17;39.63250876833333;40.95295783999999;5.0;69.0;1426566.0;2.474417489999999E7;1426566.0;2695254.9000000004;4121820.9000000004;62.6;972.1;142.0;1.0;0.0;2517.0;2884872.125690852;204.6;3490.1;182646.0;1243920.0;0.0;8760.0;2.204892E7;2686494.9
19.0;0.0;7;21.05;39.63250876833333;40.95295783999999;5.0;73.0;1426566.0;2.493145493999999E7;1426566.0;2882534.9400000004;4309100.94;62.6;1019.85;142.0;6.0;0.0;2517.0;827329.1745363255;204.6;3542.85;182646.0;1243920.0;0.0;52560.0;2.204892E7;2829974.9400000004
20.0;0.0;7;22.44;39.63250876833333;40.95295783999999;5.0;77.0;1426566.0;2.527467173999999E7;1426566.0;3225751.74;4652317.74;62.6;1142.3500000000001;142.0;6.0;0.0;2518.0;173369.86662495788;204.6;3666.3500000000004;182646.0;1243920.0;0.0;52560.0;2.205768E7;3164431.74
21.0;0.0;7;22.59;39.63250876833333;40.95295783999999;5.0;77.0;1426566.0;2.527467173999999E7;1426566.0;3225751.74;4652317.74;62.6;1142.3500000000001;142.0;6.0;0.0;2518.0;373606.06962473877;204.6;3666.3500000000004;182646.0;1243920.0;0.0;52560.0;2.205768E7;3164431.74
22.0;0.0;7;21.61;39.63250876833333;40.95295783999999;5.0;79.0;1426566.0;2.5359380939999994E7;1426566.0;3310460.9400000004;4737026.94;62.6;1169.35;142.0;6.0;0.0;2518.0;2580688.538724582;204.6;3693.35;182646.0;1243920.0;0.0;52560.0;2.205768E7;3249140.9400000004
23.0;0.0;7;21.14;39.63250876833333;40.95295783999999;5.0;83.0;1426566.0;2.6035039739999995E7;1426566.0;3986119.7400000007;5412685.74;62.6;1402.3500000000001;142.0;6.0;0.0;2518.0;4147013.1563898036;204.6;3926.3500000000004;182646.0;1243920.0;0.0;52560.0;2.205768E7;3924799.7400000007
24.0;0.0;7;20.06;29.92803;32.1927575;6.0;85.0;1588188.0;2.6359177259999994E7;1588188.0;4310257.26;5898445.26;107.6;1516.15;142.0;6.0;0.0;2518.0;5853244.22559317;249.6;4040.15;344268.0;1243920.0;0.0;52560.0;2.205768E7;4248937.26
25.0;0.0;7;21.93;29.92803;32.1927575;6.0;85.0;1588188.0;2.6359177259999994E7;1588188.0;4310257.26;5898445.26;107.6;1516.15;142.0;6.0;0.0;2518.0;3933910.4933308437;249.6;4040.15;344268.0;1243920.0;0.0;52560.0;2.205768E7;4248937.26
26.0;0.0;7;20.47;29.92803;32.1927575;6.0;86.0;1588188.0;2.6387559659999993E7;1588188.0;4338639.66;5926827.66;107.6;1528.15;142.0;6.0;0.0;2518.0;4583480.380947442;249.6;4052.15;344268.0;1243920.0;0.0;52560.0;2.205768E7;4277319.66
27.0;0.0;7;19.48;29.92803;32.1927575;6.0;87.0;1588188.0;2.6670507659999993E7;1588188.0;4621587.66;6209775.66;107.6;1613.15;142.0;6.0;0.0;2518.0;5450638.958233895;249.6;4137.15;344268.0;1243920.0;0.0;52560.0;2.205768E7;4560267.66
28.0;0.0;7;19.75;29.92803;32.1927575;6.0;88.0;1588188.0;2.6679267659999993E7;1588188.0;4630347.66;6218535.66;107.6;1613.15;142.0;6.0;0.0;2519.0;5230268.712301139;249.6;4138.15;344268.0;1243920.0;0.0;52560.0;2.206644E7;4560267.66
29.0;0.0;7;19.58;29.92803;32.1927575;6.0;91.0;1588188.0;2.6873389259999994E7;1588188.0;4824469.26;6412657.26;107.6;1661.15;142.0;12.0;0.0;2519.0;4680051.374042099;249.6;4192.15;344268.0;1243920.0;0.0;105120.0;2.206644E7;4701829.26
30.0;0.0;7;19.54;29.92803;32.1927575;6.0;93.0;1588188.0;2.7188223659999993E7;1588188.0;5139303.66;6727491.66;107.6;1757.15;142.0;12.0;0.0;2519.0;3790965.7418488436;249.6;4288.15;344268.0;1243920.0;0.0;105120.0;2.206644E7;5016663.66
31.0;0.0;7;20.2;29.92803;32.1927575;6.0;96.0;1588188.0;2.795037869999999E7;1588188.0;5472218.700000001;7060406.700000001;107.6;1874.75;142.0;12.0;0.0;2568.0;2247703.158676352;249.6;4454.75;344268.0;1243920.0;0.0;105120.0;2.249568E7;5349578.700000001
32.0;0.0;7;20.75;29.92803;32.1927575;6.0;96.0;1588188.0;2.795037869999999E7;1588188.0;5472218.700000001;7060406.700000001;107.6;1874.75;142.0;12.0;0.0;2568.0;1605159.203991796;249.6;4454.75;344268.0;1243920.0;0.0;105120.0;2.249568E7;5349578.700000001
33.0;0.0;7;20.14;29.92803;32.1927575;6.0;98.0;1588188.0;2.8438398299999993E7;1588188.0;5960238.300000001;7548426.300000001;107.6;2045.75;142.0;12.0;0.0;2568.0;2322026.0694715264;249.6;4625.75;344268.0;1243920.0;0.0;105120.0;2.249568E7;5837598.300000001
34.0;0.0;7;19.47;29.92803;32.1927575;7.0;98.0;3892068.0;2.8438398299999993E7;3892068.0;5960238.300000001;9852306.3;107.6;2045.75;405.0;12.0;0.0;2568.0;3380819.191752245;512.6;4625.75;344268.0;3547800.0;0.0;105120.0;2.249568E7;5837598.300000001
35.0;0.0;7;18.2;29.92803;32.1927575;7.0;99.0;3892068.0;2.8497966299999993E7;3892068.0;6019806.300000001;9911874.3;107.6;2065.75;405.0;12.0;0.0;2568.0;5603563.419132643;512.6;4645.75;344268.0;3547800.0;0.0;105120.0;2.249568E7;5897166.300000001
36.0;0.0;7;16.52345415324447;26.7;27.6;8.0;99.0;4470228.0;2.8497966299999993E7;4470228.0;6019806.300000001;1.04900343E7;107.6;2065.75;471.0;12.0;0.0;2568.0;1.2146108159890011E7;578.6;4645.75;344268.0;4125960.0;0.0;105120.0;2.249568E7;5897166.300000001
37.0;0.0;7;18.65510423539673;26.7;27.6;8.0;99.0;4470228.0;2.8497966299999993E7;4470228.0;6019806.300000001;1.04900343E7;107.6;2065.75;471.0;12.0;0.0;2568.0;1.2403204635024913E7;578.6;4645.75;344268.0;4125960.0;0.0;105120.0;2.249568E7;5897166.300000001
38.0;0.0;7;22.001914733730633;26.7;27.6;8.0;102.0;4470228.0;2.872870469999999E7;4470228.0;6250544.700000001;1.0720772700000001E7;107.6;2139.25;471.0;12.0;0.0;2571.0;1.2211681555424443E7;578.6;4722.25;344268.0;4125960.0;0.0;105120.0;2.252196E7;6101624.700000001
39.0;0.0;7;23.072324097013183;26.7;27.6;8.0;103.0;4470228.0;2.9132365499999993E7;4470228.0;6654205.500000001;1.11244335E7;107.6;2283.25;471.0;12.0;0.0;2571.0;1.2626604024341825E7;578.6;4866.25;344268.0;4125960.0;0.0;105120.0;2.252196E7;6505285.500000001
40.0;0.0;7;23.44534756177108;26.7;27.6;8.0;105.0;4470228.0;2.9497832699999996E7;4470228.0;7019672.7;1.14899007E7;107.6;2403.25;471.0;12.0;0.0;2571.0;1.3008878104371062E7;578.6;4986.25;344268.0;4125960.0;0.0;105120.0;2.252196E7;6870752.7
41.0;0.0;7;23.73383287337104;26.7;27.6;8.0;106.0;4470228.0;2.9513075099999994E7;4470228.0;7034915.100000001;1.1505143100000001E7;107.6;2409.25;471.0;12.0;0.0;2571.0;1.3203286082011115E7;578.6;4992.25;344268.0;4125960.0;0.0;105120.0;2.252196E7;6885995.100000001
42.0;0.0;7;23.72713501648889;26.7;27.6;8.0;107.0;4470228.0;2.9635715099999994E7;4470228.0;7157555.100000001;1.1627783100000001E7;107.6;2409.25;471.0;26.0;0.0;2571.0;1.3361756151907796E7;578.6;5006.25;344268.0;4125960.0;0.0;227760.0;2.252196E7;6885995.100000001
43.0;0.0;7;23.624403621866595;26.7;27.6;8.0;108.0;4470228.0;2.9701800539999995E7;4470228.0;7223640.540000001;1.1693868540000001E7;107.6;2427.65;471.0;26.0;0.0;2571.0;1.3579440317588698E7;578.6;5024.65;344268.0;4125960.0;0.0;227760.0;2.252196E7;6952080.540000001
44.0;0.0;7;24.11435357501697;26.7;27.6;8.0;111.0;4470228.0;3.0548454539999995E7;4470228.0;8070294.540000001;1.2540522540000001E7;107.6;2728.65;471.0;26.0;0.0;2571.0;1.3879624785127342E7;578.6;5325.65;344268.0;4125960.0;0.0;227760.0;2.252196E7;7798734.540000001
45.0;0.0;7;24.024920247921127;26.7;27.6;8.0;113.0;4470228.0;3.0771028619999994E7;4470228.0;8082628.620000001;1.2552856620000001E7;107.6;2735.05;471.0;26.0;0.0;2595.0;1.4186989231146552E7;578.6;5356.05;344268.0;4125960.0;0.0;227760.0;2.27322E7;7811068.620000001
46.0;0.0;7;23.857387098641723;26.7;27.6;8.0;115.0;4470228.0;3.1382038619999994E7;4470228.0;8693638.620000001;1.3163866620000001E7;107.6;2960.05;471.0;26.0;0.0;2595.0;1.4953024151724074E7;578.6;5581.05;344268.0;4125960.0;0.0;227760.0;2.27322E7;8422078.620000001
47.0;0.0;7;24.635486842613698;26.7;27.6;8.0;118.0;4470228.0;3.165237221999999E7;4470228.0;8963972.22;1.343420022E7;107.6;3054.05;471.0;26.0;0.0;2595.0;1.6131637861897364E7;578.6;5675.05;344268.0;4125960.0;0.0;227760.0;2.27322E7;8692412.22
48.0;0.0;7;24.006520305100004;25.31334641805692;26.213346418056922;8.0;119.0;4470228.0;3.189546221999999E7;4470228.0;9207062.22;1.367729022E7;107.6;3129.05;471.0;26.0;0.0;2595.0;1.6293072620804928E7;578.6;5750.05;344268.0;4125960.0;0.0;227760.0;2.27322E7;8935502.22
49.0;0.0;7;24.480365600054473;25.31334641805692;26.213346418056922;8.0;121.0;4470228.0;3.213324365999999E7;4470228.0;9444843.66;1.391507166E7;107.6;3220.8500000000004;471.0;26.0;0.0;2595.0;1.5995902122419387E7;578.6;5841.85;344268.0;4125960.0;0.0;227760.0;2.27322E7;9173283.66
50.0;0.0;7;24.050472036676933;25.31334641805692;26.213346418056922;8.0;122.0;4470228.0;3.252744365999999E7;4470228.0;9839043.66;1.430927166E7;107.6;3370.8500000000004;471.0;26.0;0.0;2595.0;1.5278933559090964E7;578.6;5991.85;344268.0;4125960.0;0.0;227760.0;2.27322E7;9567483.66
51.0;0.0;7;25.484996400636266;25.31334641805692;26.213346418056922;8.0;122.0;4470228.0;3.252744365999999E7;4470228.0;9839043.66;1.430927166E7;107.6;3370.8500000000004;471.0;26.0;0.0;2595.0;1.5277291564905051E7;578.6;5991.85;344268.0;4125960.0;0.0;227760.0;2.27322E7;9567483.66
52.0;0.0;7;26.163375217966014;25.31334641805692;26.213346418056922;8.0;123.0;4470228.0;3.254321165999999E7;4470228.0;9854811.66;1.432503966E7;107.6;3376.8500000000004;471.0;26.0;0.0;2595.0;1.529805640068642E7;578.6;5997.85;344268.0;4125960.0;0.0;227760.0;2.27322E7;9583251.66
53.0;0.0;7;26.14387143274854;25.31334641805692;26.213346418056922;9.0;124.0;5626548.0;3.270220565999999E7;5626548.0;1.001380566E7;1.564035366E7;107.6;3431.8500000000004;603.0;26.0;0.0;2595.0;1.5365656542732881E7;710.6;6052.85;344268.0;5282280.0;0.0;227760.0;2.27322E7;9742245.66
54.0;0.0;7;21.68093362844931;25.31334641805692;26.213346418056922;9.0;124.0;5626548.0;3.270220565999999E7;5626548.0;1.001380566E7;1.564035366E7;107.6;3431.8500000000004;603.0;26.0;0.0;2595.0;1.5382068769410878E7;710.6;6052.85;344268.0;5282280.0;0.0;227760.0;2.27322E7;9742245.66
55.0;0.0;7;22.92218398960962;25.31334641805692;26.213346418056922;9.0;125.0;5626548.0;3.279856565999999E7;5626548.0;1.011016566E7;1.573671366E7;107.6;3431.8500000000004;603.0;37.0;0.0;2595.0;1.5401517456218163E7;710.6;6063.85;344268.0;5282280.0;0.0;324120.0;2.27322E7;9742245.66
56.0;0.0;7;23.638787616582206;25.31334641805692;26.213346418056922;9.0;125.0;5626548.0;3.279856565999999E7;5626548.0;1.011016566E7;1.573671366E7;107.6;3431.8500000000004;603.0;37.0;0.0;2595.0;1.5347460534771033E7;710.6;6063.85;344268.0;5282280.0;0.0;324120.0;2.27322E7;9742245.66
57.0;0.0;7;24.050472036676933;25.31334641805692;26.213346418056922;9.0;125.0;5626548.0;3.279856565999999E7;5626548.0;1.011016566E7;1.573671366E7;107.6;3431.8500000000004;603.0;37.0;0.0;2595.0;1.5166993460712329E7;710.6;6063.85;344268.0;5282280.0;0.0;324120.0;2.27322E7;9742245.66
58.0;0.0;7;22.92218398960962;25.31334641805692;26.213346418056922;9.0;125.0;5626548.0;3.279856565999999E7;5626548.0;1.011016566E7;1.573671366E7;107.6;3431.8500000000004;603.0;37.0;0.0;2595.0;1.5312800678417584E7;710.6;6063.85;344268.0;5282280.0;0.0;324120.0;2.27322E7;9742245.66
59.0;0.0;7;23.857231425333744;25.31334641805692;26.213346418056922;9.0;126.0;5626548.0;3.322780565999999E7;5626548.0;1.011016566E7;1.573671366E7;107.6;3431.8500000000004;603.0;37.0;0.0;2644.0;1.582594014301389E7;710.6;6112.85;344268.0;5282280.0;0.0;324120.0;2.316144E7;9742245.66
60.0;0.0;7;22.594741106775952;25.606211808802527;26.50621180880253;9.0;126.0;5626548.0;3.322780565999999E7;5626548.0;1.011016566E7;1.573671366E7;107.6;3431.8500000000004;603.0;37.0;0.0;2644.0;1.587279803773424E7;710.6;6112.85;344268.0;5282280.0;0.0;324120.0;2.316144E7;9742245.66
61.0;0.0;7;23.017012696512293;25.606211808802527;26.50621180880253;9.0;126.0;5626548.0;3.322780565999999E7;5626548.0;1.011016566E7;1.573671366E7;107.6;3431.8500000000004;603.0;37.0;0.0;2644.0;1.5428071677949557E7;710.6;6112.85;344268.0;5282280.0;0.0;324120.0;2.316144E7;9742245.66
62.0;0.0;7;24.19044842416329;25.606211808802527;26.50621180880253;9.0;126.0;5626548.0;3.322780565999999E7;5626548.0;1.011016566E7;1.573671366E7;107.6;3431.8500000000004;603.0;37.0;0.0;2644.0;1.4524088287159536E7;710.6;6112.85;344268.0;5282280.0;0.0;324120.0;2.316144E7;9742245.66
63.0;0.0;7;22.620521561759592;25.606211808802527;26.50621180880253;9.0;126.0;5626548.0;3.322780565999999E7;5626548.0;1.011016566E7;1.573671366E7;107.6;3431.8500000000004;603.0;37.0;0.0;2644.0;1.452828252136213E7;710.6;6112.85;344268.0;5282280.0;0.0;324120.0;2.316144E7;9742245.66
64.0;0.0;7;23.93863922330163;25.606211808802527;26.50621180880253;9.0;126.0;5626548.0;3.322780565999999E7;5626548.0;1.011016566E7;1.573671366E7;107.6;3431.8500000000004;603.0;37.0;0.0;2644.0;1.4581838305971727E7;710.6;6112.85;344268.0;5282280.0;0.0;324120.0;2.316144E7;9742245.66
65.0;0.0;7;23.966087732772348;25.606211808802527;26.50621180880253;9.0;127.0;5626548.0;3.328036565999999E7;5626548.0;1.016272566E7;1.578927366E7;107.6;3446.8500000000004;603.0;37.0;0.0;2644.0;1.4492300239615373E7;710.6;6127.85;344268.0;5282280.0;0.0;324120.0;2.316144E7;9794805.66
66.0;0.0;7;24.383946773110925;25.606211808802527;26.50621180880253;9.0;127.0;5626548.0;3.328036565999999E7;5626548.0;1.016272566E7;1.578927366E7;107.6;3446.8500000000004;603.0;37.0;0.0;2644.0;1.436573339520706E7;710.6;6127.85;344268.0;5282280.0;0.0;324120.0;2.316144E7;9794805.66
67.0;0.0;7;25.24028714698431;25.606211808802527;26.50621180880253;10.0;127.0;5715900.0;3.328036565999999E7;5715900.0;1.016272566E7;1.587862566E7;137.6;3446.8500000000004;603.0;37.0;0.0;2644.0;1.4232788417387964E7;740.6;6127.85;433620.0;5282280.0;0.0;324120.0;2.316144E7;9794805.66
68.0;0.0;7;25.0144153011839;25.606211808802527;26.50621180880253;10.0;128.0;5715900.0;3.3319260059999987E7;5715900.0;1.020162006E7;1.591752006E7;137.6;3458.8500000000004;603.0;37.0;0.0;2644.0;1.4019561106289577E7;740.6;6139.85;433620.0;5282280.0;0.0;324120.0;2.316144E7;9833700.06
69.0;0.0;7;24.330668919544873;25.606211808802527;26.50621180880253;11.0;128.0;6294060.0;3.3319260059999987E7;6294060.0;1.020162006E7;1.649568006E7;137.6;3458.8500000000004;669.0;37.0;0.0;2644.0;1.3672301527080862E7;806.6;6139.85;433620.0;5860440.0;0.0;324120.0;2.316144E7;9833700.06
70.0;0.0;7;24.27665166471666;25.606211808802527;26.50621180880253;11.0;129.0;6294060.0;3.3415620059999987E7;6294060.0;1.029798006E7;1.659204006E7;137.6;3458.8500000000004;669.0;48.0;0.0;2644.0;1.3643602935396446E7;806.6;6150.85;433620.0;5860440.0;0.0;420480.0;2.316144E7;9833700.06
71.0;0.0;7;24.330668919544873;25.606211808802527;26.50621180880253;11.0;130.0;6294060.0;3.362586005999999E7;6294060.0;1.029798006E7;1.659204006E7;137.6;3458.8500000000004;669.0;48.0;0.0;2668.0;1.3930902939264504E7;806.6;6174.85;433620.0;5860440.0;0.0;420480.0;2.337168E7;9833700.06
72.0;0.0;7;23.654256283831394;25.453956309300573;26.353956309300575;11.0;130.0;6294060.0;3.362586005999999E7;6294060.0;1.029798006E7;1.659204006E7;137.6;3458.8500000000004;669.0;48.0;0.0;2668.0;1.3729146621783294E7;806.6;6174.85;433620.0;5860440.0;0.0;420480.0;2.337168E7;9833700.06
73.0;0.0;7;23.97055482919545;25.453956309300573;26.353956309300575;11.0;131.0;6294060.0;3.383610005999999E7;6294060.0;1.029798006E7;1.659204006E7;137.6;3458.8500000000004;669.0;48.0;0.0;2692.0;1.30673935815892E7;806.6;6198.85;433620.0;5860440.0;0.0;420480.0;2.358192E7;9833700.06
74.0;0.0;7;24.99778915267941;25.453956309300573;26.353956309300575;11.0;132.0;6294060.0;3.395173205999999E7;6294060.0;1.041361206E7;1.670767206E7;137.6;3498.8500000000004;669.0;48.0;0.0;2692.0;1.1955772536890283E7;806.6;6238.85;433620.0;5860440.0;0.0;420480.0;2.358192E7;9949332.06
75.0;0.0;7;24.563993029048955;25.453956309300573;26.353956309300575;11.0;133.0;6294060.0;3.402181205999999E7;6294060.0;1.048369206E7;1.6777752060000002E7;137.6;3498.8500000000004;669.0;56.0;0.0;2692.0;1.1883696278847244E7;806.6;6246.85;433620.0;5860440.0;0.0;490560.0;2.358192E7;9949332.06
76.0;0.0;7;24.996301227237943;25.453956309300573;26.353956309300575;11.0;133.0;6294060.0;3.402181205999999E7;6294060.0;1.048369206E7;1.6777752060000002E7;137.6;3498.8500000000004;669.0;56.0;0.0;2692.0;1.188870404936069E7;806.6;6246.85;433620.0;5860440.0;0.0;490560.0;2.358192E7;9949332.06
77.0;0.0;7;24.275585267002562;25.453956309300573;26.353956309300575;11.0;133.0;6294060.0;3.402181205999999E7;6294060.0;1.048369206E7;1.6777752060000002E7;137.6;3498.8500000000004;669.0;56.0;0.0;2692.0;1.1756980144057851E7;806.6;6246.85;433620.0;5860440.0;0.0;490560.0;2.358192E7;9949332.06
78.0;0.0;7;25.662934883703652;25.453956309300573;26.353956309300575;11.0;133.0;6294060.0;3.402181205999999E7;6294060.0;1.048369206E7;1.6777752060000002E7;137.6;3498.8500000000004;669.0;56.0;0.0;2692.0;1.1574943880464384E7;806.6;6246.85;433620.0;5860440.0;0.0;490560.0;2.358192E7;9949332.06
79.0;0.0;7;24.275585267002562;25.453956309300573;26.353956309300575;11.0;133.0;6294060.0;3.402181205999999E7;6294060.0;1.048369206E7;1.6777752060000002E7;137.6;3498.8500000000004;669.0;56.0;0.0;2692.0;1.1344614531891074E7;806.6;6246.85;433620.0;5860440.0;0.0;490560.0;2.358192E7;9949332.06
80.0;0.0;7;24.933684595539532;25.453956309300573;26.353956309300575;11.0;133.0;6294060.0;3.402181205999999E7;6294060.0;1.048369206E7;1.6777752060000002E7;137.6;3498.8500000000004;669.0;56.0;0.0;2692.0;1.098851024297931E7;806.6;6246.85;433620.0;5860440.0;0.0;490560.0;2.358192E7;9949332.06
81.0;0.0;7;23.656015111664434;25.453956309300573;26.353956309300575;11.0;133.0;6294060.0;3.402181205999999E7;6294060.0;1.048369206E7;1.6777752060000002E7;137.6;3498.8500000000004;669.0;56.0;0.0;2692.0;1.0443357037494168E7;806.6;6246.85;433620.0;5860440.0;0.0;490560.0;2.358192E7;9949332.06
82.0;0.0;7;24.996301227237943;25.453956309300573;26.353956309300575;12.0;133.0;6872220.0;3.402181205999999E7;6872220.0;1.048369206E7;1.7355912060000002E7;137.6;3498.8500000000004;735.0;56.0;0.0;2692.0;1.0223590333031578E7;872.6;6246.85;433620.0;6438600.0;0.0;490560.0;2.358192E7;9949332.06
83.0;0.0;7;24.933684595539532;25.453956309300573;26.353956309300575;12.0;133.0;6872220.0;3.402181205999999E7;6872220.0;1.048369206E7;1.7355912060000002E7;137.6;3498.8500000000004;735.0;56.0;0.0;2692.0;1.026850132735655E7;872.6;6246.85;433620.0;6438600.0;0.0;490560.0;2.358192E7;9949332.06
84.0;0.0;7;26.432022833877053;25.947606073708034;26.847606073708036;12.0;134.0;6872220.0;3.403933205999999E7;6872220.0;1.050121206E7;1.7373432060000002E7;137.6;3498.8500000000004;735.0;58.0;0.0;2692.0;9811009.458790941;872.6;6248.85;433620.0;6438600.0;0.0;508080.0;2.358192E7;9949332.06
85.0;0.0;7;28.61040170612722;25.947606073708034;26.847606073708036;12.0;136.0;6872220.0;3.414709757999999E7;6872220.0;1.060897758E7;1.748119758E7;137.6;3534.1500000000005;735.0;58.0;0.0;2692.0;8887498.990127673;872.6;6284.150000000001;433620.0;6438600.0;0.0;508080.0;2.358192E7;1.005709758E7
86.0;0.0;7;28.96145219937938;25.947606073708034;26.847606073708036;12.0;136.0;6872220.0;3.414709757999999E7;6872220.0;1.060897758E7;1.748119758E7;137.6;3534.1500000000005;735.0;58.0;0.0;2692.0;7524980.610764494;872.6;6284.150000000001;433620.0;6438600.0;0.0;508080.0;2.358192E7;1.005709758E7
87.0;0.0;7;28.856820099271026;25.947606073708034;26.847606073708036;12.0;136.0;6872220.0;3.414709757999999E7;6872220.0;1.060897758E7;1.748119758E7;137.6;3534.1500000000005;735.0;58.0;0.0;2692.0;7317956.350150324;872.6;6284.150000000001;433620.0;6438600.0;0.0;508080.0;2.358192E7;1.005709758E7
88.0;0.0;7;29.94519657595749;25.947606073708034;26.847606073708036;12.0;136.0;6872220.0;3.414709757999999E7;6872220.0;1.060897758E7;1.748119758E7;137.6;3534.1500000000005;735.0;58.0;0.0;2692.0;7226402.287648234;872.6;6284.150000000001;433620.0;6438600.0;0.0;508080.0;2.358192E7;1.005709758E7
89.0;0.0;7;28.70702074058335;25.947606073708034;26.847606073708036;12.0;136.0;6872220.0;3.414709757999999E7;6872220.0;1.060897758E7;1.748119758E7;137.6;3534.1500000000005;735.0;58.0;0.0;2692.0;7019789.212327677;872.6;6284.150000000001;433620.0;6438600.0;0.0;508080.0;2.358192E7;1.005709758E7
90.0;0.0;7;29.177394536843558;25.947606073708034;26.847606073708036;13.0;137.0;7450380.0;3.419913197999999E7;7450380.0;1.066101198E7;1.811139198E7;137.6;3552.1500000000005;801.0;58.0;0.0;2692.0;6830603.549074216;938.6;6302.150000000001;433620.0;7016760.0;0.0;508080.0;2.358192E7;1.010913198E7
91.0;0.0;7;29.67357379891069;25.947606073708034;26.847606073708036;13.0;138.0;7450380.0;3.440937197999999E7;7450380.0;1.066101198E7;1.811139198E7;137.6;3552.1500000000005;801.0;58.0;0.0;2716.0;6537966.4920768095;938.6;6326.150000000001;433620.0;7016760.0;0.0;508080.0;2.379216E7;1.010913198E7
92.0;0.0;7;28.856820099271026;25.947606073708034;26.847606073708036;14.0;138.0;7473366.24;3.440937197999999E7;7473366.24;1.066101198E7;1.813437822E7;144.0;3552.1500000000005;801.0;58.0;0.0;2716.0;6055912.921031068;945.0;6326.150000000001;456606.24;7016760.0;0.0;508080.0;2.379216E7;1.010913198E7
93.0;0.0;7;31.43140185719425;25.947606073708034;26.847606073708036;14.0;138.0;7473366.24;3.440937197999999E7;7473366.24;1.066101198E7;1.813437822E7;144.0;3552.1500000000005;801.0;58.0;0.0;2716.0;5348978.781030462;945.0;6326.150000000001;456606.24;7016760.0;0.0;508080.0;2.379216E7;1.010913198E7
94.0;0.0;7;34.14170600898781;25.947606073708034;26.847606073708036;15.0;138.0;7507530.24;3.440937197999999E7;7507530.24;1.066101198E7;1.816854222E7;154.0;3552.1500000000005;801.0;58.0;0.0;2716.0;4921689.053628712;955.0;6326.150000000001;490770.24;7016760.0;0.0;508080.0;2.379216E7;1.010913198E7
95.0;0.0;7;33.309390718890135;25.947606073708034;26.847606073708036;15.0;138.0;7507530.24;3.440937197999999E7;7507530.24;1.066101198E7;1.816854222E7;154.0;3552.1500000000005;801.0;58.0;0.0;2716.0;4731659.339782686;955.0;6326.150000000001;490770.24;7016760.0;0.0;508080.0;2.379216E7;1.010913198E7
96.0;0.0;7;37.595476939465016;26.413893211432637;27.31389321143264;15.0;138.0;7507530.24;3.440937197999999E7;7507530.24;1.066101198E7;1.816854222E7;154.0;3552.1500000000005;801.0;58.0;0.0;2716.0;4197260.927149052;955.0;6326.150000000001;490770.24;7016760.0;0.0;508080.0;2.379216E7;1.010913198E7
97.0;0.0;7;35.06439370320977;26.413893211432637;27.31389321143264;15.0;138.0;7507530.24;3.440937197999999E7;7507530.24;1.066101198E7;1.816854222E7;154.0;3552.1500000000005;801.0;58.0;0.0;2716.0;3192242.9832233377;955.0;6326.150000000001;490770.24;7016760.0;0.0;508080.0;2.379216E7;1.010913198E7
98.0;0.0;7;35.25933012836023;26.413893211432637;27.31389321143264;15.0;138.0;7507530.24;3.440937197999999E7;7507530.24;1.066101198E7;1.816854222E7;154.0;3552.1500000000005;801.0;58.0;0.0;2716.0;1755684.0473094862;955.0;6326.150000000001;490770.24;7016760.0;0.0;508080.0;2.379216E7;1.010913198E7
99.0;0.0;7;37.492421035690505;26.413893211432637;27.31389321143264;15.0;138.0;7507530.24;3.440937197999999E7;7507530.24;1.066101198E7;1.816854222E7;154.0;3552.1500000000005;801.0;58.0;0.0;2716.0;1564299.2906062035;955.0;6326.150000000001;490770.24;7016760.0;0.0;508080.0;2.379216E7;1.010913198E7
100.0;0.0;7;38.58323029053377;26.413893211432637;27.31389321143264;16.0;138.0;8606034.24;3.440937197999999E7;8606034.24;1.066101198E7;1.926704622E7;484.0;3552.1500000000005;801.0;58.0;0.0;2716.0;1586524.787568884;1285.0;6326.150000000001;1589274.24;7016760.0;0.0;508080.0;2.379216E7;1.010913198E7
101.0;0.0;7;38.429526742489834;26.413893211432637;27.31389321143264;16.0;138.0;8606034.24;3.440937197999999E7;8606034.24;1.066101198E7;1.926704622E7;484.0;3552.1500000000005;801.0;58.0;0.0;2716.0;1491739.5622209795;1285.0;6326.150000000001;1589274.24;7016760.0;0.0;508080.0;2.379216E7;1.010913198E7
102.0;0.0;7;41.154230262887545;26.413893211432637;27.31389321143264;17.0;138.0;8916072.54;3.440937197999999E7;8916072.54;1.066101198E7;1.957708452E7;574.75;3552.1500000000005;801.0;58.0;0.0;2716.0;1342165.2928562528;1375.75;6326.150000000001;1899312.54;7016760.0;0.0;508080.0;2.379216E7;1.010913198E7
103.0;0.0;7;40.40409204978213;26.413893211432637;27.31389321143264;17.0;138.0;8916072.54;3.440937197999999E7;8916072.54;1.066101198E7;1.957708452E7;574.75;3552.1500000000005;801.0;58.0;0.0;2716.0;1086965.499590218;1375.75;6326.150000000001;1899312.54;7016760.0;0.0;508080.0;2.379216E7;1.010913198E7
104.0;0.0;7;42.497617574410626;26.413893211432637;27.31389321143264;17.0;138.0;8916072.54;3.440937197999999E7;8916072.54;1.066101198E7;1.957708452E7;574.75;3552.1500000000005;801.0;58.0;0.0;2716.0;640230.5074975919;1375.75;6326.150000000001;1899312.54;7016760.0;0.0;508080.0;2.379216E7;1.010913198E7
105.0;0.0;7;45.79599410752287;26.413893211432637;27.31389321143264;17.0;138.0;8916072.54;3.440937197999999E7;8916072.54;1.066101198E7;1.957708452E7;574.75;3552.1500000000005;801.0;58.0;0.0;2716.0;-51531.66819076799;1375.75;6326.150000000001;1899312.54;7016760.0;0.0;508080.0;2.379216E7;1.010913198E7
106.0;0.0;7;50.42494305987355;26.413893211432637;27.31389321143264;17.0;138.0;8916072.54;3.440937197999999E7;8916072.54;1.066101198E7;1.957708452E7;574.75;3552.1500000000005;801.0;58.0;0.0;2716.0;-476593.18225642573;1375.75;6326.150000000001;1899312.54;7016760.0;0.0;508080.0;2.379216E7;1.010913198E7
107.0;0.0;7;56.606541924555344;26.413893211432637;27.31389321143264;17.0;138.0;8916072.54;3.440937197999999E7;8916072.54;1.066101198E7;1.957708452E7;574.75;3552.1500000000005;801.0;58.0;0.0;2716.0;-675555.9198968932;1375.75;6326.150000000001;1899312.54;7016760.0;0.0;508080.0;2.379216E7;1.010913198E7
108.0;0.0;7;59.47212708958594;26.413893211432637;27.31389321143264;17.0;139.0;8916072.54;3.449320517999999E7;8916072.54;1.074484518E7;1.966091772E7;574.75;3585.1500000000005;801.0;58.0;0.0;2716.0;-795007.8725267742;1375.75;6359.150000000001;1899312.54;7016760.0;0.0;508080.0;2.379216E7;1.019296518E7
109.0;0.0;7;62.974917772542994;26.413893211432637;27.31389321143264;17.0;141.0;8916072.54;3.496966157999999E7;8916072.54;1.122130158E7;2.0137374119999997E7;574.75;3759.1500000000005;801.0;58.0;0.0;2716.0;-1354616.6710386816;1375.75;6533.150000000001;1899312.54;7016760.0;0.0;508080.0;2.379216E7;1.066942158E7
110.0;0.0;7;66.95644926679967;26.413893211432637;27.31389321143264;17.0;145.0;8916072.54;3.535737917999999E7;8916072.54;1.160901918E7;2.052509172E7;574.75;3898.1500000000005;801.0;58.0;0.0;2716.0;-2334396.0897894623;1375.75;6672.150000000001;1899312.54;7016760.0;0.0;508080.0;2.379216E7;1.105713918E7
111.0;0.0;7;73.09838112594367;26.413893211432637;27.31389321143264;17.0;149.0;8916072.54;3.5966374379999995E7;8916072.54;1.2218014379999999E7;2.1134086919999998E7;574.75;4100.150000000001;801.0;58.0;0.0;2716.0;-2027737.4419466034;1375.75;6874.150000000001;1899312.54;7016760.0;0.0;508080.0;2.379216E7;1.1666134379999999E7
112.0;0.0;7;78.22539135291153;26.413893211432637;27.31389321143264;17.0;150.0;8916072.54;3.602611758E7;8916072.54;1.2277757579999998E7;2.1193830119999997E7;574.75;4122.150000000001;801.0;58.0;0.0;2716.0;-1639058.4093804192;1375.75;6896.150000000001;1899312.54;7016760.0;0.0;508080.0;2.379216E7;1.1725877579999998E7
113.0;0.0;7;81.94680947522691;26.413893211432637;27.31389321143264;17.0;152.0;8916072.54;3.615304998E7;8916072.54;1.2404689979999999E7;2.1320762519999996E7;574.75;4171.150000000001;801.0;58.0;0.0;2716.0;-1392071.5483084023;1375.75;6945.150000000001;1899312.54;7016760.0;0.0;508080.0;2.379216E7;1.1852809979999999E7
114.0;0.0;7;85.819590075481;26.413893211432637;27.31389321143264;17.0;158.0;8916072.54;3.6748642379999995E7;8916072.54;1.3000282379999999E7;2.1916354919999998E7;574.75;4379.150000000001;801.0;58.0;0.0;2716.0;-1184960.8243669542;1375.75;7153.150000000001;1899312.54;7016760.0;0.0;508080.0;2.379216E7;1.2448402379999999E7
115.0;0.0;7;92.13685294446799;26.413893211432637;27.31389321143264;17.0;161.0;8916072.54;3.702002717999999E7;8916072.54;1.327166718E7;2.218773972E7;574.75;4476.150000000001;801.0;58.0;0.0;2716.0;-1025064.2783844844;1375.75;7250.150000000001;1899312.54;7016760.0;0.0;508080.0;2.379216E7;1.271978718E7
116.0;0.0;7;97.09362448034025;26.413893211432637;27.31389321143264;17.0;162.0;8916072.54;3.766826717999999E7;8916072.54;1.391990718E7;2.283597972E7;574.75;4676.150000000001;801.0;58.0;0.0;2716.0;-953786.5582944173;1375.75;7450.150000000001;1899312.54;7016760.0;0.0;508080.0;2.379216E7;1.336802718E7
117.0;0.0;7;97.16261451755524;26.413893211432637;27.31389321143264;17.0;164.0;8916072.54;3.780702557999999E7;8916072.54;1.405866558E7;2.2974738119999997E7;574.75;4730.150000000001;801.0;58.0;0.0;2716.0;-1099856.8491596729;1375.75;7504.150000000001;1899312.54;7016760.0;0.0;508080.0;2.379216E7;1.350678558E7
118.0;0.0;7;100.5146687792469;26.413893211432637;27.31389321143264;17.0;167.0;8916072.54;3.810031037999999E7;8916072.54;1.435195038E7;2.326802292E7;574.75;4835.150000000001;801.0;58.0;0.0;2716.0;-900816.2796911858;1375.75;7609.150000000001;1899312.54;7016760.0;0.0;508080.0;2.379216E7;1.380007038E7
119.0;0.0;7;99.93141116495899;26.413893211432637;27.31389321143264;17.0;169.0;8916072.54;3.829653437999999E7;8916072.54;1.454817438E7;2.346424692E7;574.75;4903.150000000001;801.0;58.0;0.0;2716.0;-401173.9411221901;1375.75;7677.150000000001;1899312.54;7016760.0;0.0;508080.0;2.379216E7;1.399629438E7
120.0;0.0;7;87.82590420730143;26.413893211432637;27.31389321143264;17.0;170.0;8916072.54;3.834226157999999E7;8916072.54;1.459390158E7;2.3509974119999997E7;574.75;4921.150000000001;801.0;58.0;0.0;2716.0;-375962.3850274775;1375.75;7695.150000000001;1899312.54;7016760.0;0.0;508080.0;2.379216E7;1.404202158E7
121.0;0.0;7;82.4522982266397;26.413893211432637;27.31389321143264;17.0;172.0;8916072.54;3.8590510246666655E7;8916072.54;1.4842150246666666E7;2.3758222786666665E7;574.75;5008.372222222223;801.0;58.0;0.0;2716.0;-804581.1114493795;1375.75;7782.372222222223;1899312.54;7016760.0;0.0;508080.0;2.379216E7;1.4290270246666666E7
122.0;0.0;7;76.03698223966414;26.413893211432637;27.31389321143264;17.0;174.0;8916072.54;3.8994784246666655E7;8916072.54;1.5246424246666666E7;2.4162496786666665E7;574.75;5153.372222222223;801.0;58.0;0.0;2716.0;-1642709.9529909492;1375.75;7927.372222222223;1899312.54;7016760.0;0.0;508080.0;2.379216E7;1.4694544246666666E7
123.0;0.0;7;69.73314287560844;26.413893211432637;27.31389321143264;17.0;177.0;8916072.54;3.927650584666666E7;8916072.54;1.5528145846666666E7;2.4444218386666663E7;574.75;5249.372222222223;801.0;58.0;0.0;2716.0;-1237571.9624770675;1375.75;8023.372222222223;1899312.54;7016760.0;0.0;508080.0;2.379216E7;1.4976265846666666E7
124.0;0.0;7;66.25957673646644;26.413893211432637;27.31389321143264;17.0;178.0;8916072.54;3.938320264666665E7;8916072.54;1.5634842646666666E7;2.4550915186666667E7;574.75;5291.372222222223;801.0;58.0;0.0;2716.0;-754042.3405067809;1375.75;8065.372222222223;1899312.54;7016760.0;0.0;508080.0;2.379216E7;1.5082962646666666E7
125.0;0.0;7;67.92918699535302;26.413893211432637;27.31389321143264;17.0;179.0;8916072.54;3.965125864666665E7;8916072.54;1.5902898646666666E7;2.4818971186666667E7;574.75;5393.372222222223;801.0;58.0;0.0;2716.0;-402293.38091614656;1375.75;8167.372222222223;1899312.54;7016760.0;0.0;508080.0;2.379216E7;1.5351018646666666E7
126.0;0.0;7;62.8578775948826;26.413893211432637;27.31389321143264;17.0;181.0;8916072.54;3.974525344666665E7;8916072.54;1.5996893446666667E7;2.4912965986666664E7;574.75;5430.372222222223;801.0;58.0;0.0;2716.0;-139139.55382497795;1375.75;8204.372222222224;1899312.54;7016760.0;0.0;508080.0;2.379216E7;1.5445013446666667E7
127.0;0.0;7;61.3433563386988;26.413893211432637;27.31389321143264;17.0;183.0;8916072.54;3.995864704666665E7;8916072.54;1.6210287046666667E7;2.5126359586666666E7;574.75;5514.372222222223;801.0;58.0;0.0;2716.0;58137.03453880362;1375.75;8288.372222222224;1899312.54;7016760.0;0.0;508080.0;2.379216E7;1.5658407046666667E7
128.0;0.0;7;59.30140956063088;26.413893211432637;27.31389321143264;17.0;184.0;8916072.54;4.097042704666665E7;8916072.54;1.7222067046666667E7;2.6138139586666666E7;574.75;5844.372222222223;801.0;58.0;0.0;2716.0;175888.3652113881;1375.75;8618.372222222224;1899312.54;7016760.0;0.0;508080.0;2.379216E7;1.6670187046666667E7
129.0;0.0;7;58.482593553952746;26.413893211432637;27.31389321143264;17.0;184.0;8916072.54;4.097042704666665E7;8916072.54;1.7222067046666667E7;2.6138139586666666E7;574.75;5844.372222222223;801.0;58.0;0.0;2716.0;67831.81381756254;1375.75;8618.372222222224;1899312.54;7016760.0;0.0;508080.0;2.379216E7;1.6670187046666667E7
130.0;0.0;7;55.33511661518862;26.413893211432637;27.31389321143264;17.0;185.0;8916072.54;4.141718704666665E7;8916072.54;1.7668827046666667E7;2.6584899586666666E7;574.75;5994.372222222223;801.0;58.0;0.0;2716.0;294617.3897999916;1375.75;8768.372222222224;1899312.54;7016760.0;0.0;508080.0;2.379216E7;1.7116947046666667E7
131.0;0.0;7;53.389896408320666;26.413893211432637;27.31389321143264;17.0;186.0;8916072.54;4.159063504666665E7;8916072.54;1.7842275046666667E7;2.6758347586666666E7;574.75;6054.372222222223;801.0;58.0;0.0;2716.0;800212.4708024692;1375.75;8828.372222222224;1899312.54;7016760.0;0.0;508080.0;2.379216E7;1.7290395046666667E7
132.0;0.0;7;48.52277018035261;26.413893211432637;27.31389321143264;17.0;186.0;8916072.54;4.159063504666665E7;8916072.54;1.7842275046666667E7;2.6758347586666666E7;574.75;6054.372222222223;801.0;58.0;0.0;2716.0;815413.3137116861;1375.75;8828.372222222224;1899312.54;7016760.0;0.0;508080.0;2.379216E7;1.7290395046666667E7
133.0;0.0;7;48.126820631611615;26.413893211432637;27.31389321143264;17.0;186.0;8916072.54;4.159063504666665E7;8916072.54;1.7842275046666667E7;2.6758347586666666E7;574.75;6054.372222222223;801.0;58.0;0.0;2716.0;407274.0445184726;1375.75;8828.372222222224;1899312.54;7016760.0;0.0;508080.0;2.379216E7;1.7290395046666667E7
134.0;0.0;7;46.05951934920877;26.413893211432637;27.31389321143264;17.0;186.0;8916072.54;4.159063504666665E7;8916072.54;1.7842275046666667E7;2.6758347586666666E7;574.75;6054.372222222223;801.0;58.0;0.0;2716.0;-389508.3922806885;1375.75;8828.372222222224;1899312.54;7016760.0;0.0;508080.0;2.379216E7;1.7290395046666667E7
135.0;0.0;7;39.52017122626501;26.413893211432637;27.31389321143264;17.0;186.0;8916072.54;4.159063504666665E7;8916072.54;1.7842275046666667E7;2.6758347586666666E7;574.75;6054.372222222223;801.0;58.0;0.0;2716.0;49000.722336811945;1375.75;8828.372222222224;1899312.54;7016760.0;0.0;508080.0;2.379216E7;1.7290395046666667E7
136.0;0.0;7;40.41418928199358;26.413893211432637;27.31389321143264;17.0;186.0;8916072.54;4.159063504666665E7;8916072.54;1.7842275046666667E7;2.6758347586666666E7;574.75;6054.372222222223;801.0;58.0;0.0;2716.0;572661.847690573;1375.75;8828.372222222224;1899312.54;7016760.0;0.0;508080.0;2.379216E7;1.7290395046666667E7
137.0;0.0;7;38.11683395631416;26.413893211432637;27.31389321143264;17.0;186.0;8916072.54;4.159063504666665E7;8916072.54;1.7842275046666667E7;2.6758347586666666E7;574.75;6054.372222222223;801.0;58.0;0.0;2716.0;970983.4786825553;1375.75;8828.372222222224;1899312.54;7016760.0;0.0;508080.0;2.379216E7;1.7290395046666667E7
138.0;0.0;7;38.288939224805624;26.413893211432637;27.31389321143264;17.0;186.0;8916072.54;4.159063504666665E7;8916072.54;1.7842275046666667E7;2.6758347586666666E7;574.75;6054.372222222223;801.0;58.0;0.0;2716.0;1266750.8262092117;1375.75;8828.372222222224;1899312.54;7016760.0;0.0;508080.0;2.379216E7;1.7290395046666667E7
139.0;0.0;7;34.11870651853629;26.413893211432637;27.31389321143264;17.0;186.0;8916072.54;4.159063504666665E7;8916072.54;1.7842275046666667E7;2.6758347586666666E7;574.75;6054.372222222223;801.0;58.0;0.0;2716.0;1452685.3599557355;1375.75;8828.372222222224;1899312.54;7016760.0;0.0;508080.0;2.379216E7;1.7290395046666667E7
140.0;0.0;7;33.976131282726215;26.413893211432637;27.31389321143264;17.0;186.0;8916072.54;4.159063504666665E7;8916072.54;1.7842275046666667E7;2.6758347586666666E7;574.75;6054.372222222223;801.0;58.0;0.0;2716.0;1452509.8373310622;1375.75;8828.372222222224;1899312.54;7016760.0;0.0;508080.0;2.379216E7;1.7290395046666667E7
141.0;0.0;7;33.917275494201355;26.413893211432637;27.31389321143264;17.0;186.0;8916072.54;4.159063504666665E7;8916072.54;1.7842275046666667E7;2.6758347586666666E7;574.75;6054.372222222223;801.0;58.0;0.0;2716.0;1210513.7443077788;1375.75;8828.372222222224;1899312.54;7016760.0;0.0;508080.0;2.379216E7;1.7290395046666667E7
142.0;0.0;7;31.741504329301677;26.413893211432637;27.31389321143264;17.0;186.0;8916072.54;4.159063504666665E7;8916072.54;1.7842275046666667E7;2.6758347586666666E7;574.75;6054.372222222223;801.0;58.0;0.0;2716.0;1200152.6734027527;1375.75;8828.372222222224;1899312.54;7016760.0;0.0;508080.0;2.379216E7;1.7290395046666667E7
143.0;0.0;7;32.9968379520713;26.413893211432637;27.31389321143264;17.0;186.0;8916072.54;4.159063504666665E7;8916072.54;1.7842275046666667E7;2.6758347586666666E7;574.75;6054.372222222223;801.0;58.0;0.0;2716.0;1385377.1360158008;1375.75;8828.372222222224;1899312.54;7016760.0;0.0;508080.0;2.379216E7;1.7290395046666667E7
144.0;0.0;7;31.503960443844786;26.413893211432637;27.31389321143264;17.0;186.0;8916072.54;4.159063504666665E7;8916072.54;1.7842275046666667E7;2.6758347586666666E7;574.75;6054.372222222223;801.0;58.0;0.0;2716.0;1560807.8764823172;1375.75;8828.372222222224;1899312.54;7016760.0;0.0;508080.0;2.379216E7;1.7290395046666667E7
145.0;0.0;7;28.31136586817184;26.413893211432637;27.31389321143264;17.0;186.0;8916072.54;4.159063504666665E7;8916072.54;1.7842275046666667E7;2.6758347586666666E7;574.75;6054.372222222223;801.0;58.0;0.0;2716.0;1330205.4736673832;1375.75;8828.372222222224;1899312.54;7016760.0;0.0;508080.0;2.379216E7;1.7290395046666667E7
146.0;0.0;7;27.719492777057887;26.413893211432637;27.31389321143264;17.0;186.0;8916072.54;4.159063504666665E7;8916072.54;1.7842275046666667E7;2.6758347586666666E7;574.75;6054.372222222223;801.0;58.0;0.0;2716.0;726538.632816229;1375.75;8828.372222222224;1899312.54;7016760.0;0.0;508080.0;2.379216E7;1.7290395046666667E7
147.0;0.0;7;24.892730542125832;26.413893211432637;27.31389321143264;17.0;186.0;8916072.54;4.159063504666665E7;8916072.54;1.7842275046666667E7;2.6758347586666666E7;574.75;6054.372222222223;801.0;58.0;0.0;2716.0;1349724.841699699;1375.75;8828.372222222224;1899312.54;7016760.0;0.0;508080.0;2.379216E7;1.7290395046666667E7
148.0;0.0;7;24.54230494988653;26.413893211432637;27.31389321143264;17.0;186.0;8916072.54;4.159063504666665E7;8916072.54;1.7842275046666667E7;2.6758347586666666E7;574.75;6054.372222222223;801.0;58.0;0.0;2716.0;2043802.562111508;1375.75;8828.372222222224;1899312.54;7016760.0;0.0;508080.0;2.379216E7;1.7290395046666667E7
149.0;0.0;7;21.062760848567162;26.413893211432637;27.31389321143264;17.0;186.0;8916072.54;4.159063504666665E7;8916072.54;1.7842275046666667E7;2.6758347586666666E7;574.75;6054.372222222223;801.0;58.0;0.0;2716.0;2608764.776462149;1375.75;8828.372222222224;1899312.54;7016760.0;0.0;508080.0;2.379216E7;1.7290395046666667E7
150.0;0.0;7;21.540240155929588;26.413893211432637;27.31389321143264;17.0;186.0;8916072.54;4.159063504666665E7;8916072.54;1.7842275046666667E7;2.6758347586666666E7;574.75;6054.372222222223;801.0;58.0;0.0;2716.0;3060663.852436587;1375.75;8828.372222222224;1899312.54;7016760.0;0.0;508080.0;2.379216E7;1.7290395046666667E7
151.0;0.0;7;20.766450513441757;26.413893211432637;27.31389321143264;17.0;186.0;8916072.54;4.159063504666665E7;8916072.54;1.7842275046666667E7;2.6758347586666666E7;574.75;6054.372222222223;801.0;58.0;0.0;2716.0;3402602.9157776907;1375.75;8828.372222222224;1899312.54;7016760.0;0.0;508080.0;2.379216E7;1.7290395046666667E7
152.0;0.0;7;19.36011813410536;26.413893211432637;27.31389321143264;17.0;186.0;8916072.54;4.159063504666665E7;8916072.54;1.7842275046666667E7;2.6758347586666666E7;574.75;6054.372222222223;801.0;58.0;0.0;2716.0;3562104.059153879;1375.75;8828.372222222224;1899312.54;7016760.0;0.0;508080.0;2.379216E7;1.7290395046666667E7
153.0;0.0;7;17.168688342881193;26.413893211432637;27.31389321143264;17.0;186.0;8916072.54;4.159063504666665E7;8916072.54;1.7842275046666667E7;2.6758347586666666E7;574.75;6054.372222222223;801.0;58.0;0.0;2716.0;3485589.9029980656;1375.75;8828.372222222224;1899312.54;7016760.0;0.0;508080.0;2.379216E7;1.7290395046666667E7
154.0;0.0;7;17.98940647192617;26.413893211432637;27.31389321143264;17.0;186.0;8916072.54;4.159063504666665E7;8916072.54;1.7842275046666667E7;2.6758347586666666E7;574.75;6054.372222222223;801.0;58.0;0.0;2716.0;3632952.544732962;1375.75;8828.372222222224;1899312.54;7016760.0;0.0;508080.0;2.379216E7;1.7290395046666667E7
155.0;0.0;7;16.48757427563741;26.413893211432637;27.31389321143264;17.0;186.0;8916072.54;4.159063504666665E7;8916072.54;1.7842275046666667E7;2.6758347586666666E7;574.75;6054.372222222223;801.0;58.0;0.0;2716.0;3969938.1046250667;1375.75;8828.372222222224;1899312.54;7016760.0;0.0;508080.0;2.379216E7;1.7290395046666667E7
156.0;0.0;7;16.021281958147565;26.413893211432637;27.31389321143264;17.0;186.0;8916072.54;4.159063504666665E7;8916072.54;1.7842275046666667E7;2.6758347586666666E7;574.75;6054.372222222223;801.0;58.0;0.0;2716.0;4231358.692436067;1375.75;8828.372222222224;1899312.54;7016760.0;0.0;508080.0;2.379216E7;1.7290395046666667E7
157.0;0.0;7;13.226702033275053;26.413893211432637;27.31389321143264;17.0;186.0;8916072.54;4.159063504666665E7;8916072.54;1.7842275046666667E7;2.6758347586666666E7;574.75;6054.372222222223;801.0;58.0;0.0;2716.0;4159214.1090323646;1375.75;8828.372222222224;1899312.54;7016760.0;0.0;508080.0;2.379216E7;1.7290395046666667E7
158.0;0.0;7;13.679007181117129;26.413893211432637;27.31389321143264;17.0;186.0;8916072.54;4.159063504666665E7;8916072.54;1.7842275046666667E7;2.6758347586666666E7;574.75;6054.372222222223;801.0;58.0;0.0;2716.0;3784490.6675769165;1375.75;8828.372222222224;1899312.54;7016760.0;0.0;508080.0;2.379216E7;1.7290395046666667E7
159.0;0.0;7;12.187315944151017;26.413893211432637;27.31389321143264;17.0;186.0;8916072.54;4.159063504666665E7;8916072.54;1.7842275046666667E7;2.6758347586666666E7;574.75;6054.372222222223;801.0;58.0;0.0;2716.0;4660290.009220798;1375.75;8828.372222222224;1899312.54;7016760.0;0.0;508080.0;2.379216E7;1.7290395046666667E7
160.0;0.0;7;10.363846638323876;26.413893211432637;27.31389321143264;17.0;186.0;8916072.54;4.159063504666665E7;8916072.54;1.7842275046666667E7;2.6758347586666666E7;574.75;6054.372222222223;801.0;58.0;0.0;2716.0;5609889.900544278;1375.75;8828.372222222224;1899312.54;7016760.0;0.0;508080.0;2.379216E7;1.7290395046666667E7
161.0;0.0;7;9.606759043282986;26.413893211432637;27.31389321143264;17.0;186.0;8916072.54;4.159063504666665E7;8916072.54;1.7842275046666667E7;2.6758347586666666E7;574.75;6054.372222222223;801.0;58.0;0.0;2716.0;6445309.647864722;1375.75;8828.372222222224;1899312.54;7016760.0;0.0;508080.0;2.379216E7;1.7290395046666667E7
162.0;0.0;7;7.975264537508968;26.413893211432637;27.31389321143264;17.0;186.0;8916072.54;4.159063504666665E7;8916072.54;1.7842275046666667E7;2.6758347586666666E7;574.75;6054.372222222223;801.0;58.0;0.0;2716.0;7155611.982058209;1375.75;8828.372222222224;1899312.54;7016760.0;0.0;508080.0;2.379216E7;1.7290395046666667E7
163.0;0.0;7;6.478278199002552;26.413893211432637;27.31389321143264;17.0;186.0;8916072.54;4.159063504666665E7;8916072.54;1.7842275046666667E7;2.6758347586666666E7;574.75;6054.372222222223;801.0;58.0;0.0;2716.0;7736541.729455862;1375.75;8828.372222222224;1899312.54;7016760.0;0.0;508080.0;2.379216E7;1.7290395046666667E7
164.0;0.0;7;5.136801326936975;26.413893211432637;27.31389321143264;17.0;186.0;8916072.54;4.159063504666665E7;8916072.54;1.7842275046666667E7;2.6758347586666666E7;574.75;6054.372222222223;801.0;58.0;0.0;2716.0;8119979.043758933;1375.75;8828.372222222224;1899312.54;7016760.0;0.0;508080.0;2.379216E7;1.7290395046666667E7
165.0;0.0;7;3.7928965382037148;26.413893211432637;27.31389321143264;17.0;186.0;8916072.54;4.159063504666665E7;8916072.54;1.7842275046666667E7;2.6758347586666666E7;574.75;6054.372222222223;801.0;58.0;0.0;2716.0;8240710.854524086;1375.75;8828.372222222224;1899312.54;7016760.0;0.0;508080.0;2.379216E7;1.7290395046666667E7
166.0;0.0;7;3.1964900728803074;26.413893211432637;27.31389321143264;17.0;186.0;8916072.54;4.159063504666665E7;8916072.54;1.7842275046666667E7;2.6758347586666666E7;574.75;6054.372222222223;801.0;58.0;0.0;2716.0;8523804.462852692;1375.75;8828.372222222224;1899312.54;7016760.0;0.0;508080.0;2.379216E7;1.7290395046666667E7
167.0;0.0;7;2.6595327409865988;26.413893211432637;27.31389321143264;17.0;186.0;8916072.54;4.159063504666665E7;8916072.54;1.7842275046666667E7;2.6758347586666666E7;574.75;6054.372222222223;801.0;58.0;0.0;2716.0;8937065.658005416;1375.75;8828.372222222224;1899312.54;7016760.0;0.0;508080.0;2.379216E7;1.7290395046666667E7
168.0;0.0;7;2.259126971000339;26.413893211432637;27.31389321143264;17.0;186.0;8916072.54;4.159063504666665E7;8916072.54;1.7842275046666667E7;2.6758347586666666E7;574.75;6054.372222222223;801.0;58.0;0.0;2716.0;9004690.029769031;1375.75;8828.372222222224;1899312.54;7016760.0;0.0;508080.0;2.379216E7;1.7290395046666667E7
169.0;0.0;7;1.785630499391557;26.413893211432637;27.31389321143264;17.0;186.0;8916072.54;4.159063504666665E7;8916072.54;1.7842275046666667E7;2.6758347586666666E7;574.75;6054.372222222223;801.0;58.0;0.0;2716.0;8820635.197283734;1375.75;8828.372222222224;1899312.54;7016760.0;0.0;508080.0;2.379216E7;1.7290395046666667E7
170.0;0.0;7;1.5820491671272061;26.413893211432637;27.31389321143264;17.0;186.0;8916072.54;4.159063504666665E7;8916072.54;1.7842275046666667E7;2.6758347586666666E7;574.75;6054.372222222223;801.0;58.0;0.0;2716.0;8412898.636419235;1375.75;8828.372222222224;1899312.54;7016760.0;0.0;508080.0;2.379216E7;1.7290395046666667E7
171.0;0.0;7;1.2080791602445242;26.413893211432637;27.31389321143264;17.0;186.0;8916072.54;4.159063504666665E7;8916072.54;1.7842275046666667E7;2.6758347586666666E7;574.75;6054.372222222223;801.0;58.0;0.0;2716.0;9250626.30280393;1375.75;8828.372222222224;1899312.54;7016760.0;0.0;508080.0;2.379216E7;1.7290395046666667E7
172.0;0.0;7;0.9839499053370949;26.413893211432637;27.31389321143264;17.0;186.0;8916072.54;4.159063504666665E7;8916072.54;1.7842275046666667E7;2.6758347586666666E7;574.75;6054.372222222223;801.0;58.0;0.0;2716.0;1.0179912247007608E7;1375.75;8828.372222222224;1899312.54;7016760.0;0.0;508080.0;2.379216E7;1.7290395046666667E7
173.0;0.0;7;0.821274664272488;26.413893211432637;27.31389321143264;17.0;186.0;8916072.54;4.159063504666665E7;8916072.54;1.7842275046666667E7;2.6758347586666666E7;574.75;6054.372222222223;801.0;58.0;0.0;2716.0;1.1030907771391846E7;1375.75;8828.372222222224;1899312.54;7016760.0;0.0;508080.0;2.379216E7;1.7290395046666667E7
174.0;0.0;7;0.6078743365966226;26.413893211432637;27.31389321143264;17.0;186.0;8916072.54;4.159063504666665E7;8916072.54;1.7842275046666667E7;2.6758347586666666E7;574.75;6054.372222222223;801.0;58.0;0.0;2716.0;1.1738611745332634E7;1375.75;8828.372222222224;1899312.54;7016760.0;0.0;508080.0;2.379216E7;1.7290395046666667E7
175.0;0.0;7;0.514136725622349;26.413893211432637;27.31389321143264;17.0;186.0;8916072.54;4.159063504666665E7;8916072.54;1.7842275046666667E7;2.6758347586666666E7;574.75;6054.372222222223;801.0;58.0;0.0;2716.0;1.2274303150044275E7;1375.75;8828.372222222224;1899312.54;7016760.0;0.0;508080.0;2.379216E7;1.7290395046666667E7
176.0;0.0;7;0.3822931814247056;26.413893211432637;27.31389321143264;17.0;186.0;8916072.54;4.159063504666665E7;8916072.54;1.7842275046666667E7;2.6758347586666666E7;574.75;6054.372222222223;801.0;58.0;0.0;2716.0;1.2576432754323797E7;1375.75;8828.372222222224;1899312.54;7016760.0;0.0;508080.0;2.379216E7;1.7290395046666667E7
177.0;0.0;7;0.32710876759286145;26.413893211432637;27.31389321143264;17.0;186.0;8916072.54;4.159063504666665E7;8916072.54;1.7842275046666667E7;2.6758347586666666E7;574.75;6054.372222222223;801.0;58.0;0.0;2716.0;1.2616361470564133E7;1375.75;8828.372222222224;1899312.54;7016760.0;0.0;508080.0;2.379216E7;1.7290395046666667E7
178.0;0.0;7;0.2672805271489647;26.413893211432637;27.31389321143264;17.0;186.0;8916072.54;4.159063504666665E7;8916072.54;1.7842275046666667E7;2.6758347586666666E7;574.75;6054.372222222223;801.0;58.0;0.0;2716.0;1.2753279728640122E7;1375.75;8828.372222222224;1899312.54;7016760.0;0.0;508080.0;2.379216E7;1.7290395046666667E7
179.0;0.0;7;0.20939905087291832;26.413893211432637;27.31389321143264;17.0;186.0;8916072.54;4.159063504666665E7;8916072.54;1.7842275046666667E7;2.6758347586666666E7;574.75;6054.372222222223;801.0;58.0;0.0;2716.0;1.29580986649113E7;1375.75;8828.372222222224;1899312.54;7016760.0;0.0;508080.0;2.379216E7;1.7290395046666667E7
180.0;0.0;7;0.1779164564321249;26.413893211432637;27.31389321143264;17.0;186.0;8916072.54;4.159063504666665E7;8868067.74;1.6519331086666668E7;2.5387398826666668E7;574.75;6054.372222222223;801.0;58.0;0.0;2716.0;1.2745264336019233E7;1375.75;8828.372222222224;1899312.54;7016760.0;0.0;508080.0;2.379216E7;1.7290395046666667E7
181.0;0.0;7;0.15767927948006286;26.413893211432637;27.31389321143264;17.0;186.0;8916072.54;4.159063504666665E7;8868067.74;1.6519331086666668E7;2.5387398826666668E7;574.75;6054.372222222223;801.0;58.0;0.0;2716.0;1.239347559715757E7;1375.75;8828.372222222224;1899312.54;7016760.0;0.0;508080.0;2.379216E7;1.7290395046666667E7
182.0;0.0;7;0.12143449798899633;26.413893211432637;27.31389321143264;17.0;186.0;8916072.54;4.159063504666665E7;8868067.74;1.6519331086666668E7;2.5387398826666668E7;574.75;6054.372222222223;801.0;58.0;0.0;2716.0;1.1927812249695444E7;1375.75;8828.372222222224;1899312.54;7016760.0;0.0;508080.0;2.379216E7;1.7290395046666667E7
183.0;0.0;7;0.10381979371269974;26.413893211432637;27.31389321143264;17.0;186.0;8916072.54;4.159063504666665E7;8868067.74;1.6519331086666668E7;2.5387398826666668E7;574.75;6054.372222222223;801.0;58.0;0.0;2716.0;1.2715128467819285E7;1375.75;8828.372222222224;1899312.54;7016760.0;0.0;508080.0;2.379216E7;1.7290395046666667E7
184.0;0.0;7;0.07819725058900127;26.413893211432637;27.31389321143264;17.0;186.0;8916072.54;4.159063504666665E7;8868067.74;1.6519331086666668E7;2.5387398826666668E7;574.75;6054.372222222223;801.0;58.0;0.0;2716.0;1.3625102929663252E7;1375.75;8828.372222222224;1899312.54;7016760.0;0.0;508080.0;2.379216E7;1.7290395046666667E7
185.0;0.0;7;0.06426512354164823;26.413893211432637;27.31389321143264;17.0;186.0;8916072.54;4.159063504666665E7;8868067.74;1.6519331086666668E7;2.5387398826666668E7;574.75;6054.372222222223;801.0;58.0;0.0;2716.0;1.4505587219441574E7;1375.75;8828.372222222224;1899312.54;7016760.0;0.0;508080.0;2.379216E7;1.7290395046666667E7
186.0;0.0;7;0.056658445707139446;26.413893211432637;27.31389321143264;17.0;186.0;8916072.54;4.159063504666665E7;8868067.74;1.6519331086666668E7;2.5387398826666668E7;574.75;6054.372222222223;801.0;58.0;0.0;2716.0;1.5227228539015116E7;1375.75;8828.372222222224;1899312.54;7016760.0;0.0;508080.0;2.379216E7;1.7290395046666667E7
187.0;0.0;7;0.04625261096695243;26.413893211432637;27.31389321143264;17.0;186.0;8916072.54;4.159063504666665E7;8868067.74;1.6519331086666668E7;2.5387398826666668E7;574.75;6054.372222222223;801.0;58.0;0.0;2716.0;1.5723657503790516E7;1375.75;8828.372222222224;1899312.54;7016760.0;0.0;508080.0;2.379216E7;1.7290395046666667E7
188.0;0.0;7;0.038255297392804186;26.413893211432637;27.31389321143264;17.0;186.0;8916072.54;4.159063504666665E7;8868067.74;1.6519331086666668E7;2.5387398826666668E7;574.75;6054.372222222223;801.0;58.0;0.0;2716.0;1.5939739054443963E7;1375.75;8828.372222222224;1899312.54;7016760.0;0.0;508080.0;2.379216E7;1.7290395046666667E7
189.0;0.0;7;0.029908093213224962;26.413893211432637;27.31389321143264;17.0;186.0;8916072.54;4.159063504666665E7;8868067.74;1.6519331086666668E7;2.5387398826666668E7;574.75;6054.372222222223;801.0;58.0;0.0;2716.0;1.5875088865521261E7;1375.75;8828.372222222224;1899312.54;7016760.0;0.0;508080.0;2.379216E7;1.7290395046666667E7
190.0;0.0;7;0.025476949762861384;26.413893211432637;27.31389321143264;17.0;186.0;8916072.54;4.159063504666665E7;8868067.74;1.6519331086666668E7;2.5387398826666668E7;574.75;6054.372222222223;801.0;58.0;0.0;2716.0;1.5810823951792022E7;1375.75;8828.372222222224;1899312.54;7016760.0;0.0;508080.0;2.379216E7;1.7290395046666667E7
191.0;0.0;7;0.019586194460903848;26.413893211432637;27.31389321143264;17.0;186.0;8916072.54;4.159063504666665E7;8868067.74;1.6519331086666668E7;2.5387398826666668E7;574.75;6054.372222222223;801.0;58.0;0.0;2716.0;1.572088685987898E7;1375.75;8828.372222222224;1899312.54;7016760.0;0.0;508080.0;2.379216E7;1.7290395046666667E7
192.0;0.0;7;0.01546773120266046;26.413893211432637;27.31389321143264;17.0;186.0;8916072.54;4.159063504666665E7;8868067.74;1.6377594286666669E7;2.524566202666667E7;574.75;6054.372222222223;801.0;58.0;0.0;2716.0;1.5858846845368441E7;1375.75;8828.372222222224;1899312.54;7016760.0;0.0;508080.0;2.379216E7;1.7290395046666667E7
193.0;0.0;7;0.013032536329515098;26.413893211432637;27.31389321143264;17.0;186.0;8916072.54;4.159063504666665E7;7667947.74;1.6004681086666668E7;2.3672628826666668E7;574.75;6054.372222222223;801.0;58.0;0.0;2716.0;1.5788525045619592E7;1375.75;8828.372222222224;1899312.54;7016760.0;0.0;508080.0;2.379216E7;1.7290395046666667E7
194.0;0.0;7;0.01061616775851821;26.413893211432637;27.31389321143264;17.0;186.0;8916072.54;4.159063504666665E7;7667947.74;1.5756575986666668E7;2.3424523726666667E7;574.75;6054.372222222223;801.0;58.0;0.0;2716.0;1.5599586136934608E7;1375.75;8828.372222222224;1899312.54;7016760.0;0.0;508080.0;2.379216E7;1.7290395046666667E7
195.0;0.0;7;0.009642064751029751;26.413893211432637;27.31389321143264;17.0;186.0;8916072.54;4.159063504666665E7;7489506.54;1.5516201586666666E7;2.3005708126666665E7;574.75;6054.372222222223;801.0;58.0;0.0;2716.0;1.6452124960570589E7;1375.75;8828.372222222224;1899312.54;7016760.0;0.0;508080.0;2.379216E7;1.7290395046666667E7
196.0;0.0;7;0.007717075589015097;26.413893211432637;27.31389321143264;17.0;186.0;8916072.54;4.159063504666665E7;7489506.54;1.5193973746666666E7;2.2683480286666665E7;574.75;6054.372222222223;801.0;58.0;0.0;2716.0;1.737701889636868E7;1375.75;8828.372222222224;1899312.54;7016760.0;0.0;508080.0;2.379216E7;1.7290395046666667E7
197.0;0.0;7;0.006225336321828665;26.413893211432637;27.31389321143264;17.0;186.0;8916072.54;4.159063504666665E7;7489506.54;1.5193973746666666E7;2.2683480286666665E7;574.75;6054.372222222223;801.0;58.0;0.0;2716.0;1.8270596219684396E7;1375.75;8828.372222222224;1899312.54;7016760.0;0.0;508080.0;2.379216E7;1.7290395046666667E7
198.0;0.0;7;0.004782529470764315;26.413893211432637;27.31389321143264;17.0;186.0;8916072.54;4.159063504666665E7;7489506.54;1.5147020146666666E7;2.2636526686666667E7;574.75;6054.372222222223;801.0;58.0;0.0;2716.0;1.9032258396617122E7;1375.75;8828.372222222224;1899312.54;7016760.0;0.0;508080.0;2.379216E7;1.7290395046666667E7
199.0;0.0;7;0.003767157209524112;26.413893211432637;27.31389321143264;17.0;186.0;8916072.54;4.159063504666665E7;7489506.54;1.4959740106666666E7;2.2449246646666665E7;574.75;6054.372222222223;801.0;58.0;0.0;2716.0;1.9597603020271953E7;1375.75;8828.372222222224;1899312.54;7016760.0;0.0;508080.0;2.379216E7;1.7290395046666667E7
200.0;0.0;7;0.0030060077945660937;26.413893211432637;27.31389321143264;17.0;186.0;8916072.54;4.159063504666665E7;7489506.54;1.4616523306666667E7;2.2106029846666668E7;574.75;6054.372222222223;801.0;58.0;0.0;2716.0;1.990373356513095E7;1375.75;8828.372222222224;1899312.54;7016760.0;0.0;508080.0;2.379216E7;1.7290395046666667E7
201.0;0.0;7;0.002687572738425592;26.413893211432637;27.31389321143264;17.0;186.0;8916072.54;4.159063504666665E7;7489506.54;1.4616523306666667E7;2.2106029846666668E7;574.75;6054.372222222223;801.0;58.0;0.0;2716.0;1.9948241511039983E7;1375.75;8828.372222222224;1899312.54;7016760.0;0.0;508080.0;2.379216E7;1.7290395046666667E7
202.0;0.0;7;0.0021637830967850347;26.413893211432637;27.31389321143264;17.0;186.0;8916072.54;4.159063504666665E7;7489506.54;1.4531814106666667E7;2.202132064666667E7;574.75;6054.372222222223;801.0;58.0;0.0;2716.0;1.9968512363917015E7;1375.75;8828.372222222224;1899312.54;7016760.0;0.0;508080.0;2.379216E7;1.7290395046666667E7
203.0;0.0;7;0.0017230170322002573;26.413893211432637;27.31389321143264;17.0;186.0;8916072.54;4.159063504666665E7;7489506.54;1.3856155306666669E7;2.1345661846666668E7;574.75;6054.372222222223;801.0;58.0;0.0;2716.0;1.9876956116266284E7;1375.75;8828.372222222224;1899312.54;7016760.0;0.0;508080.0;2.379216E7;1.7290395046666667E7
204.0;0.0;7;0.0014516557813874123;26.413893211432637;27.31389321143264;17.0;186.0;8916072.54;4.159063504666665E7;7327884.54;1.3532017786666667E7;2.0859902326666668E7;574.75;6054.372222222223;801.0;58.0;0.0;2716.0;1.9671973639946837E7;1375.75;8828.372222222224;1899312.54;7016760.0;0.0;508080.0;2.379216E7;1.7290395046666667E7
205.0;0.0;7;0.0010732833815224516;26.413893211432637;27.31389321143264;17.0;186.0;8916072.54;4.159063504666665E7;7327884.54;1.3532017786666667E7;2.0859902326666668E7;574.75;6054.372222222223;801.0;58.0;0.0;2716.0;1.9381948689445008E7;1375.75;8828.372222222224;1899312.54;7016760.0;0.0;508080.0;2.379216E7;1.7290395046666667E7
206.0;0.0;7;9.067888016593619E-4;26.413893211432637;27.31389321143264;17.0;186.0;8916072.54;4.159063504666665E7;7327884.54;1.3503635386666669E7;2.083151992666667E7;574.75;6054.372222222223;801.0;58.0;0.0;2716.0;1.9023608529374205E7;1375.75;8828.372222222224;1899312.54;7016760.0;0.0;508080.0;2.379216E7;1.7290395046666667E7
207.0;0.0;7;8.311160394991391E-4;26.413893211432637;27.31389321143264;17.0;186.0;8916072.54;4.159063504666665E7;7327884.54;1.3220687386666669E7;2.054857192666667E7;574.75;6054.372222222223;801.0;58.0;0.0;2716.0;1.9672147725908097E7;1375.75;8828.372222222224;1899312.54;7016760.0;0.0;508080.0;2.379216E7;1.7290395046666667E7
208.0;0.0;7;6.224184624498373E-4;26.413893211432637;27.31389321143264;17.0;186.0;8916072.54;4.159063504666665E7;7327884.54;1.3211927386666669E7;2.053981192666667E7;574.75;6054.372222222223;801.0;58.0;0.0;2716.0;2.0423484553350076E7;1375.75;8828.372222222224;1899312.54;7016760.0;0.0;508080.0;2.379216E7;1.7290395046666667E7
209.0;0.0;7;5.570219290703266E-4;26.413893211432637;27.31389321143264;17.0;186.0;8916072.54;4.159063504666665E7;7327884.54;1.3017805786666669E7;2.0345690326666668E7;574.75;6054.372222222223;801.0;58.0;0.0;2716.0;2.11471934823374E7;1375.75;8828.372222222224;1899312.54;7016760.0;0.0;508080.0;2.379216E7;1.7290395046666667E7
210.0;0.0;7;4.291846944512038E-4;26.413893211432637;27.31389321143264;17.0;186.0;8916072.54;4.159063504666665E7;7327884.54;1.2702971386666669E7;2.003085592666667E7;574.75;6054.372222222223;801.0;58.0;0.0;2716.0;2.1709480007084586E7;1375.75;8828.372222222224;1899312.54;7016760.0;0.0;508080.0;2.379216E7;1.7290395046666667E7
211.0;0.0;7;3.303406031007638E-4;26.413893211432637;27.31389321143264;17.0;186.0;8916072.54;4.159063504666665E7;7327884.54;1.2370056346666668E7;1.9697940886666667E7;574.75;6054.372222222223;801.0;58.0;0.0;2716.0;2.2024297805197045E7;1375.75;8828.372222222224;1899312.54;7016760.0;0.0;508080.0;2.379216E7;1.7290395046666667E7
212.0;0.0;7;2.784720078158473E-4;26.413893211432637;27.31389321143264;17.0;186.0;8916072.54;4.159063504666665E7;7327884.54;1.2370056346666668E7;1.9697940886666667E7;574.75;6054.372222222223;801.0;58.0;0.0;2716.0;2.2078762194332268E7;1375.75;8828.372222222224;1899312.54;7016760.0;0.0;508080.0;2.379216E7;1.7290395046666667E7
213.0;0.0;7;2.1510512094690407E-4;26.413893211432637;27.31389321143264;17.0;186.0;8916072.54;4.159063504666665E7;7327884.54;1.188203674666667E7;1.920992128666667E7;574.75;6054.372222222223;801.0;58.0;0.0;2716.0;2.1868104007817116E7;1375.75;8828.372222222224;1899312.54;7016760.0;0.0;508080.0;2.379216E7;1.7290395046666667E7
214.0;0.0;7;1.797355553051139E-4;26.413893211432637;27.31389321143264;17.0;186.0;8916072.54;4.159063504666665E7;5024004.54;1.188203674666667E7;1.690604128666667E7;574.75;6054.372222222223;801.0;58.0;0.0;2716.0;2.1513052756423697E7;1375.75;8828.372222222224;1899312.54;7016760.0;0.0;508080.0;2.379216E7;1.7290395046666667E7
215.0;0.0;7;1.4818158105650914E-4;26.413893211432637;27.31389321143264;17.0;186.0;8916072.54;4.159063504666665E7;5024004.54;1.1822468746666668E7;1.684647328666667E7;574.75;6054.372222222223;801.0;58.0;0.0;2716.0;2.1084824359157722E7;1375.75;8828.372222222224;1899312.54;7016760.0;0.0;508080.0;2.379216E7;1.7290395046666667E7
216.0;0.0;7;1.1170380031100475E-4;26.413893211432637;27.31389321143264;17.0;186.0;8916072.54;4.159063504666665E7;4445844.54;1.1822468746666668E7;1.6268313286666669E7;574.75;6054.372222222223;801.0;58.0;0.0;2716.0;2.1015657831894334E7;1375.75;8828.372222222224;1899312.54;7016760.0;0.0;508080.0;2.379216E7;1.7290395046666667E7
217.0;0.0;7;9.983001284040406E-5;26.413893211432637;27.31389321143264;17.0;186.0;8916072.54;4.159063504666665E7;4445844.54;1.1822468746666668E7;1.6268313286666669E7;574.75;6054.372222222223;801.0;58.0;0.0;2716.0;2.0864089713580675E7;1375.75;8828.372222222224;1899312.54;7016760.0;0.0;508080.0;2.379216E7;1.7290395046666667E7
218.0;0.0;7;8.315214548390394E-5;26.413893211432637;27.31389321143264;17.0;186.0;8916072.54;4.159063504666665E7;4445844.54;1.159173034666667E7;1.603757488666667E7;574.75;6054.372222222223;801.0;58.0;0.0;2716.0;2.0626772688072428E7;1375.75;8828.372222222224;1899312.54;7016760.0;0.0;508080.0;2.379216E7;1.7290395046666667E7
219.0;0.0;7;8.189972123044789E-5;26.413893211432637;27.31389321143264;17.0;186.0;8916072.54;4.159063504666665E7;4445844.54;1.1188069546666669E7;1.563391408666667E7;574.75;6054.372222222223;801.0;58.0;0.0;2716.0;2.098019763271964E7;1375.75;8828.372222222224;1899312.54;7016760.0;0.0;508080.0;2.379216E7;1.7290395046666667E7
220.0;0.0;7;6.380736166370432E-5;26.413893211432637;27.31389321143264;17.0;186.0;8916072.54;4.159063504666665E7;4445844.54;1.082260234666667E7;1.526844688666667E7;574.75;6054.372222222223;801.0;58.0;0.0;2716.0;2.138219172878811E7;1375.75;8828.372222222224;1899312.54;7016760.0;0.0;508080.0;2.379216E7;1.7290395046666667E7
221.0;0.0;7;4.7908500877150305E-5;26.413893211432637;27.31389321143264;17.0;186.0;8916072.54;4.159063504666665E7;4445844.54;1.080735994666667E7;1.5253204486666668E7;574.75;6054.372222222223;801.0;58.0;0.0;2716.0;2.176621089681817E7;1375.75;8828.372222222224;1899312.54;7016760.0;0.0;508080.0;2.379216E7;1.7290395046666667E7
222.0;0.0;7;4.4024151678089716E-5;26.413893211432637;27.31389321143264;17.0;186.0;8916072.54;4.159063504666665E7;4445844.54;1.068471994666667E7;1.5130564486666668E7;574.75;6054.372222222223;801.0;58.0;0.0;2716.0;2.209372336209255E7;1375.75;8828.372222222224;1899312.54;7016760.0;0.0;508080.0;2.379216E7;1.7290395046666667E7
223.0;0.0;7;3.2616504242850776E-5;26.413893211432637;27.31389321143264;17.0;186.0;8916072.54;4.159063504666665E7;4445844.54;1.061863450666667E7;1.506447904666667E7;574.75;6054.372222222223;801.0;58.0;0.0;2716.0;2.2336690725750647E7;1375.75;8828.372222222224;1899312.54;7016760.0;0.0;508080.0;2.379216E7;1.7290395046666667E7
224.0;0.0;7;2.6806186991472752E-5;26.413893211432637;27.31389321143264;17.0;186.0;8916072.54;4.159063504666665E7;4445844.54;9771980.506666668;1.4217825046666667E7;574.75;6054.372222222223;801.0;58.0;0.0;2716.0;2.2394555033067986E7;1375.75;8828.372222222224;1899312.54;7016760.0;0.0;508080.0;2.379216E7;1.7290395046666667E7
225.0;0.0;7;2.2269635545757233E-5;26.413893211432637;27.31389321143264;17.0;186.0;8916072.54;4.159063504666665E7;4445844.54;9759646.426666668;1.4205490966666669E7;574.75;6054.372222222223;801.0;58.0;0.0;2716.0;2.22454503100392E7;1375.75;8828.372222222224;1899312.54;7016760.0;0.0;508080.0;2.379216E7;1.7290395046666667E7
226.0;0.0;7;1.8367104288450724E-5;26.413893211432637;27.31389321143264;17.0;186.0;8916072.54;4.159063504666665E7;4445844.54;9148636.426666668;1.3594480966666669E7;574.75;6054.372222222223;801.0;58.0;0.0;2716.0;2.20110914397604E7;1375.75;8828.372222222224;1899312.54;7016760.0;0.0;508080.0;2.379216E7;1.7290395046666667E7
227.0;0.0;7;1.566610883285991E-5;26.413893211432637;27.31389321143264;17.0;186.0;8916072.54;4.159063504666665E7;4445844.54;8878302.826666666;1.3324147366666667E7;574.75;6054.372222222223;801.0;58.0;0.0;2716.0;2.169883259438484E7;1375.75;8828.372222222224;1899312.54;7016760.0;0.0;508080.0;2.379216E7;1.7290395046666667E7
228.0;0.0;7;1.1611934435775498E-5;26.413893211432637;27.31389321143264;17.0;186.0;8916072.54;4.159063504666665E7;4445844.54;8635212.826666666;1.3081057366666667E7;574.75;6054.372222222223;801.0;58.0;0.0;2716.0;2.1603296135084167E7;1375.75;8828.372222222224;1899312.54;7016760.0;0.0;508080.0;2.379216E7;1.7290395046666667E7
229.0;0.0;7;9.423672977989992E-6;26.413893211432637;27.31389321143264;17.0;186.0;8916072.54;4.159063504666665E7;4445844.54;8397431.386666667;1.2843275926666666E7;574.75;6054.372222222223;801.0;58.0;0.0;2716.0;2.142544509941382E7;1375.75;8828.372222222224;1899312.54;7016760.0;0.0;508080.0;2.379216E7;1.7290395046666667E7
230.0;0.0;7;8.278777534198768E-6;26.413893211432637;27.31389321143264;17.0;186.0;8916072.54;4.159063504666665E7;4445844.54;8003231.386666668;1.2449075926666668E7;574.75;6054.372222222223;801.0;58.0;0.0;2716.0;2.116910335162697E7;1375.75;8828.372222222224;1899312.54;7016760.0;0.0;508080.0;2.379216E7;1.7290395046666667E7
231.0;0.0;7;5.841643498271159E-6;26.413893211432637;27.31389321143264;17.0;186.0;8916072.54;4.159063504666665E7;4445844.54;8003231.386666668;1.2449075926666668E7;574.75;6054.372222222223;801.0;58.0;0.0;2716.0;2.147605316894154E7;1375.75;8828.372222222224;1899312.54;7016760.0;0.0;508080.0;2.379216E7;1.7290395046666667E7
232.0;0.0;7;4.792725823052413E-6;26.413893211432637;27.31389321143264;17.0;186.0;8916072.54;4.159063504666665E7;4445844.54;7987463.386666668;1.2433307926666668E7;574.75;6054.372222222223;801.0;58.0;0.0;2716.0;2.1847741410676353E7;1375.75;8828.372222222224;1899312.54;7016760.0;0.0;508080.0;2.379216E7;1.7290395046666667E7
233.0;0.0;7;4.528984807353228E-6;26.413893211432637;27.31389321143264;17.0;186.0;8916072.54;4.159063504666665E7;3289524.54;7828469.386666668;1.1117993926666668E7;574.75;6054.372222222223;801.0;58.0;0.0;2716.0;2.200677682797895E7;1375.75;8828.372222222224;1899312.54;7016760.0;0.0;508080.0;2.379216E7;1.7290395046666667E7
234.0;0.0;7;3.611707555028548E-6;26.413893211432637;27.31389321143264;17.0;186.0;8916072.54;4.159063504666665E7;3289524.54;7828469.386666668;1.1117993926666668E7;574.75;6054.372222222223;801.0;58.0;0.0;2716.0;2.215783508460798E7;1375.75;8828.372222222224;1899312.54;7016760.0;0.0;508080.0;2.379216E7;1.7290395046666667E7
235.0;0.0;7;2.9512843870504355E-6;26.413893211432637;27.31389321143264;17.0;186.0;8916072.54;4.159063504666665E7;3289524.54;7732109.386666668;1.1021633926666668E7;574.75;6054.372222222223;801.0;58.0;0.0;2716.0;2.2253667373967685E7;1375.75;8828.372222222224;1899312.54;7016760.0;0.0;508080.0;2.379216E7;1.7290395046666667E7
236.0;0.0;7;2.192277850103897E-6;26.413893211432637;27.31389321143264;17.0;186.0;8916072.54;4.159063504666665E7;3289524.54;7732109.386666668;1.1021633926666668E7;574.75;6054.372222222223;801.0;58.0;0.0;2716.0;2.2278851737035383E7;1375.75;8828.372222222224;1899312.54;7016760.0;0.0;508080.0;2.379216E7;1.7290395046666667E7
237.0;0.0;7;2.2245598012118896E-6;26.413893211432637;27.31389321143264;17.0;186.0;8916072.54;4.159063504666665E7;3289524.54;7732109.386666668;1.1021633926666668E7;574.75;6054.372222222223;801.0;58.0;0.0;2716.0;2.2156171244837955E7;1375.75;8828.372222222224;1899312.54;7016760.0;0.0;508080.0;2.379216E7;1.7290395046666667E7
238.0;0.0;7;1.688550531734154E-6;26.413893211432637;27.31389321143264;17.0;186.0;8916072.54;4.159063504666665E7;3289524.54;7732109.386666668;1.1021633926666668E7;574.75;6054.372222222223;801.0;58.0;0.0;2716.0;2.201951644822473E7;1375.75;8828.372222222224;1899312.54;7016760.0;0.0;508080.0;2.379216E7;1.7290395046666667E7
239.0;0.0;7;1.4376904594205756E-6;26.413893211432637;27.31389321143264;17.0;186.0;8916072.54;4.159063504666665E7;3289524.54;7732109.386666668;1.1021633926666668E7;574.75;6054.372222222223;801.0;58.0;0.0;2716.0;2.1784366151330013E7;1375.75;8828.372222222224;1899312.54;7016760.0;0.0;508080.0;2.379216E7;1.7290395046666667E7
240.0;0.0;7;1.3567263590957997E-6;26.413893211432637;27.31389321143264;17.0;186.0;8916072.54;4.159063504666665E7;3289524.54;7732109.386666668;1.1021633926666668E7;574.75;6054.372222222223;801.0;58.0;0.0;2716.0;2.1796460945226774E7;1375.75;8828.372222222224;1899312.54;7016760.0;0.0;508080.0;2.379216E7;1.7290395046666667E7
241.0;0.0;7;9.494942175670004E-7;26.413893211432637;27.31389321143264;17.0;186.0;8916072.54;4.159063504666665E7;3289524.54;7732109.386666668;1.1021633926666668E7;574.75;6054.372222222223;801.0;58.0;0.0;2716.0;2.1758502990839913E7;1375.75;8828.372222222224;1899312.54;7016760.0;0.0;508080.0;2.379216E7;1.7290395046666667E7
242.0;0.0;7;8.010410670373241E-7;26.413893211432637;27.31389321143264;17.0;186.0;8916072.54;4.159063504666665E7;3289524.54;7732109.386666668;1.1021633926666668E7;574.75;6054.372222222223;801.0;58.0;0.0;2716.0;2.1679845112352487E7;1375.75;8828.372222222224;1899312.54;7016760.0;0.0;508080.0;2.379216E7;1.7290395046666667E7
243.0;0.0;7;6.363693036407722E-7;26.413893211432637;27.31389321143264;17.0;186.0;8916072.54;4.159063504666665E7;3289524.54;7732109.386666668;1.1021633926666668E7;574.75;6054.372222222223;801.0;58.0;0.0;2716.0;2.1969321184144378E7;1375.75;8828.372222222224;1899312.54;7016760.0;0.0;508080.0;2.379216E7;1.7290395046666667E7
244.0;0.0;7;4.890146675965013E-7;26.413893211432637;27.31389321143264;17.0;186.0;8916072.54;4.159063504666665E7;3289524.54;7732109.386666668;1.1021633926666668E7;574.75;6054.372222222223;801.0;58.0;0.0;2716.0;2.229691845227954E7;1375.75;8828.372222222224;1899312.54;7016760.0;0.0;508080.0;2.379216E7;1.7290395046666667E7
245.0;0.0;7;4.6273975985545637E-7;26.413893211432637;27.31389321143264;17.0;186.0;8916072.54;4.159063504666665E7;3289524.54;7679549.386666668;1.0969073926666668E7;574.75;6054.372222222223;801.0;58.0;0.0;2716.0;2.2602668992574338E7;1375.75;8828.372222222224;1899312.54;7016760.0;0.0;508080.0;2.379216E7;1.7290395046666667E7
246.0;0.0;7;3.59779415375006E-7;26.413893211432637;27.31389321143264;17.0;186.0;8916072.54;4.159063504666665E7;3289524.54;7679549.386666668;1.0969073926666668E7;574.75;6054.372222222223;801.0;58.0;0.0;2716.0;2.288535598297517E7;1375.75;8828.372222222224;1899312.54;7016760.0;0.0;508080.0;2.379216E7;1.7290395046666667E7
247.0;0.0;7;3.0433037580324866E-7;26.413893211432637;27.31389321143264;17.0;186.0;8916072.54;4.159063504666665E7;3200172.54;7679549.386666668;1.0879721926666668E7;574.75;6054.372222222223;801.0;58.0;0.0;2716.0;2.3121271861220215E7;1375.75;8828.372222222224;1899312.54;7016760.0;0.0;508080.0;2.379216E7;1.7290395046666667E7
248.0;0.0;7;2.1208550216731238E-7;26.413893211432637;27.31389321143264;17.0;186.0;8916072.54;4.159063504666665E7;3200172.54;7640654.986666667;1.0840827526666667E7;574.75;6054.372222222223;801.0;58.0;0.0;2716.0;2.3292357486008964E7;1375.75;8828.372222222224;1899312.54;7016760.0;0.0;508080.0;2.379216E7;1.7290395046666667E7
249.0;0.0;7;1.8487691844009396E-7;26.413893211432637;27.31389321143264;17.0;186.0;8916072.54;4.159063504666665E7;2622012.54;7640654.986666667;1.0262667526666667E7;574.75;6054.372222222223;801.0;58.0;0.0;2716.0;2.332527458610777E7;1375.75;8828.372222222224;1899312.54;7016760.0;0.0;508080.0;2.379216E7;1.7290395046666667E7
250.0;0.0;7;1.4804922051945673E-7;26.413893211432637;27.31389321143264;17.0;186.0;8916072.54;4.159063504666665E7;2622012.54;7544294.986666667;1.0166307526666667E7;574.75;6054.372222222223;801.0;58.0;0.0;2716.0;2.3351165687282104E7;1375.75;8828.372222222224;1899312.54;7016760.0;0.0;508080.0;2.379216E7;1.7290395046666667E7
251.0;0.0;7;1.073752376979996E-7;26.413893211432637;27.31389321143264;17.0;186.0;8916072.54;4.159063504666665E7;2622012.54;7544294.986666667;1.0166307526666667E7;574.75;6054.372222222223;801.0;58.0;0.0;2716.0;2.3329288376841556E7;1375.75;8828.372222222224;1899312.54;7016760.0;0.0;508080.0;2.379216E7;1.7290395046666667E7
252.0;0.0;7;8.89789709121446E-8;26.413893211432637;27.31389321143264;17.0;186.0;8916072.54;4.159063504666665E7;2622012.54;7544294.986666667;1.0166307526666667E7;574.75;6054.372222222223;801.0;58.0;0.0;2716.0;2.364058867458295E7;1375.75;8828.372222222224;1899312.54;7016760.0;0.0;508080.0;2.379216E7;1.7290395046666667E7
253.0;0.0;7;8.097328471952184E-8;26.413893211432637;27.31389321143264;17.0;186.0;8916072.54;4.159063504666665E7;2622012.54;7544294.986666667;1.0166307526666667E7;574.75;6054.372222222223;801.0;58.0;0.0;2716.0;2.3866323297682207E7;1375.75;8828.372222222224;1899312.54;7016760.0;0.0;508080.0;2.379216E7;1.7290395046666667E7
254.0;0.0;7;7.55944680641403E-8;26.413893211432637;27.31389321143264;17.0;186.0;8916072.54;4.159063504666665E7;2622012.54;7428662.986666667;1.0050675526666667E7;574.75;6054.372222222223;801.0;58.0;0.0;2716.0;2.4038416568522252E7;1375.75;8828.372222222224;1899312.54;7016760.0;0.0;508080.0;2.379216E7;1.7290395046666667E7
255.0;0.0;7;5.2462968380512036E-8;26.413893211432637;27.31389321143264;17.0;186.0;8916072.54;4.159063504666665E7;2622012.54;7358582.986666667;9980595.526666667;574.75;6054.372222222223;801.0;58.0;0.0;2716.0;2.4446200233791485E7;1375.75;8828.372222222224;1899312.54;7016760.0;0.0;508080.0;2.379216E7;1.7290395046666667E7
256.0;0.0;7;5.00302278856802E-8;26.413893211432637;27.31389321143264;17.0;186.0;8916072.54;4.159063504666665E7;2622012.54;7358582.986666667;9980595.526666667;574.75;6054.372222222223;801.0;58.0;0.0;2716.0;2.485984189666973E7;1375.75;8828.372222222224;1899312.54;7016760.0;0.0;508080.0;2.379216E7;1.7290395046666667E7
257.0;0.0;7;4.052683156531572E-8;26.413893211432637;27.31389321143264;17.0;186.0;8916072.54;4.159063504666665E7;2622012.54;7358582.986666667;9980595.526666667;574.75;6054.372222222223;801.0;58.0;0.0;2716.0;2.5240733973743167E7;1375.75;8828.372222222224;1899312.54;7016760.0;0.0;508080.0;2.379216E7;1.7290395046666667E7
258.0;0.0;7;2.953947630532255E-8;26.413893211432637;27.31389321143264;17.0;186.0;8916072.54;4.159063504666665E7;2622012.54;7358582.986666667;9980595.526666667;574.75;6054.372222222223;801.0;58.0;0.0;2716.0;2.561141336360615E7;1375.75;8828.372222222224;1899312.54;7016760.0;0.0;508080.0;2.379216E7;1.7290395046666667E7
259.0;0.0;7;2.408816509467516E-8;26.413893211432637;27.31389321143264;17.0;186.0;8916072.54;4.159063504666665E7;2622012.54;7358582.986666667;9980595.526666667;574.75;6054.372222222223;801.0;58.0;0.0;2716.0;2.5980305338132173E7;1375.75;8828.372222222224;1899312.54;7016760.0;0.0;508080.0;2.379216E7;1.7290395046666667E7
260.0;0.0;7;1.9803112347522942E-8;26.413893211432637;27.31389321143264;17.0;186.0;8916072.54;4.159063504666665E7;2622012.54;7358582.986666667;9980595.526666667;574.75;6054.372222222223;801.0;58.0;0.0;2716.0;2.6333419403954115E7;1375.75;8828.372222222224;1899312.54;7016760.0;0.0;508080.0;2.379216E7;1.7290395046666667E7
261.0;0.0;7;1.3737775236489956E-8;26.413893211432637;27.31389321143264;17.0;186.0;8916072.54;4.159063504666665E7;2622012.54;7358582.986666667;9980595.526666667;574.75;6054.372222222223;801.0;58.0;0.0;2716.0;2.6604349560584873E7;1375.75;8828.372222222224;1899312.54;7016760.0;0.0;508080.0;2.379216E7;1.7290395046666667E7
262.0;0.0;7;1.3626270893861403E-8;26.413893211432637;27.31389321143264;17.0;186.0;8916072.54;4.159063504666665E7;2043852.54;7358582.986666667;9402435.526666667;574.75;6054.372222222223;801.0;58.0;0.0;2716.0;2.6865605577669002E7;1375.75;8828.372222222224;1899312.54;7016760.0;0.0;508080.0;2.379216E7;1.7290395046666667E7
263.0;0.0;7;9.185660584892591E-9;26.413893211432637;27.31389321143264;17.0;186.0;8916072.54;4.159063504666665E7;2043852.54;7358582.986666667;9402435.526666667;574.75;6054.372222222223;801.0;58.0;0.0;2716.0;2.713466538961503E7;1375.75;8828.372222222224;1899312.54;7016760.0;0.0;508080.0;2.379216E7;1.7290395046666667E7
264.0;0.0;7;7.445233995317807E-9;26.413893211432637;27.31389321143264;17.0;186.0;8916072.54;4.159063504666665E7;2043852.54;7341062.986666667;9384915.526666667;574.75;6054.372222222223;801.0;58.0;0.0;2716.0;2.7787574954957895E7;1375.75;8828.372222222224;1899312.54;7016760.0;0.0;508080.0;2.379216E7;1.7290395046666667E7
265.0;0.0;7;5.9663610614874075E-9;26.413893211432637;27.31389321143264;17.0;186.0;8916072.54;4.159063504666665E7;2043852.54;7233297.466666667;9277150.006666668;574.75;6054.372222222223;801.0;58.0;0.0;2716.0;2.8357599519583218E7;1375.75;8828.372222222224;1899312.54;7016760.0;0.0;508080.0;2.379216E7;1.7290395046666667E7
266.0;0.0;7;4.574073737901259E-9;26.413893211432637;27.31389321143264;17.0;186.0;8916072.54;4.159063504666665E7;2043852.54;7233297.466666667;9277150.006666668;574.75;6054.372222222223;801.0;58.0;0.0;2716.0;2.8859894735654596E7;1375.75;8828.372222222224;1899312.54;7016760.0;0.0;508080.0;2.379216E7;1.7290395046666667E7
267.0;0.0;7;3.956722580126418E-9;26.413893211432637;27.31389321143264;17.0;186.0;8916072.54;4.159063504666665E7;2043852.54;7233297.466666667;9277150.006666668;574.75;6054.372222222223;801.0;58.0;0.0;2716.0;2.9481439331501286E7;1375.75;8828.372222222224;1899312.54;7016760.0;0.0;508080.0;2.379216E7;1.7290395046666667E7
268.0;0.0;7;2.5848082621043123E-9;26.413893211432637;27.31389321143264;17.0;186.0;8916072.54;4.159063504666665E7;2043852.54;7233297.466666667;9277150.006666668;574.75;6054.372222222223;801.0;58.0;0.0;2716.0;3.006347968121603E7;1375.75;8828.372222222224;1899312.54;7016760.0;0.0;508080.0;2.379216E7;1.7290395046666667E7
269.0;0.0;7;2.1489175422371036E-9;26.413893211432637;27.31389321143264;17.0;186.0;8916072.54;4.159063504666665E7;2043852.54;7233297.466666667;9277150.006666668;574.75;6054.372222222223;801.0;58.0;0.0;2716.0;3.058541685051732E7;1375.75;8828.372222222224;1899312.54;7016760.0;0.0;508080.0;2.379216E7;1.7290395046666667E7
270.0;0.0;7;1.4512144690081543E-9;26.413893211432637;27.31389321143264;17.0;186.0;8916072.54;4.159063504666665E7;1465692.54;7181263.066666666;8646955.606666666;574.75;6054.372222222223;801.0;58.0;0.0;2716.0;3.102785524323841E7;1375.75;8828.372222222224;1899312.54;7016760.0;0.0;508080.0;2.379216E7;1.7290395046666667E7
271.0;0.0;7;1.149929031083877E-9;26.413893211432637;27.31389321143264;17.0;186.0;8916072.54;4.159063504666665E7;1465692.54;7181263.066666666;8646955.606666666;574.75;6054.372222222223;801.0;58.0;0.0;2716.0;3.1528832278900556E7;1375.75;8828.372222222224;1899312.54;7016760.0;0.0;508080.0;2.379216E7;1.7290395046666667E7
272.0;0.0;7;1.0555426568128073E-9;26.413893211432637;27.31389321143264;17.0;186.0;8916072.54;4.159063504666665E7;1442706.3;7181263.066666666;8623969.366666667;574.75;6054.372222222223;801.0;58.0;0.0;2716.0;3.2083173024116497E7;1375.75;8828.372222222224;1899312.54;7016760.0;0.0;508080.0;2.379216E7;1.7290395046666667E7
273.0;0.0;7;7.615767321855509E-10;26.413893211432637;27.31389321143264;17.0;186.0;8916072.54;4.159063504666665E7;1442706.3;7181263.066666666;8623969.366666667;574.75;6054.372222222223;801.0;58.0;0.0;2716.0;3.25913279136298E7;1375.75;8828.372222222224;1899312.54;7016760.0;0.0;508080.0;2.379216E7;1.7290395046666667E7
274.0;0.0;7;5.876678728757753E-10;26.413893211432637;27.31389321143264;17.0;186.0;8916072.54;4.159063504666665E7;1408542.3;7181263.066666666;8589805.366666667;574.75;6054.372222222223;801.0;58.0;0.0;2716.0;3.3138987382345743E7;1375.75;8828.372222222224;1899312.54;7016760.0;0.0;508080.0;2.379216E7;1.7290395046666667E7
275.0;0.0;7;4.696861746255671E-10;26.413893211432637;27.31389321143264;17.0;186.0;8916072.54;4.159063504666665E7;1408542.3;7181263.066666666;8589805.366666667;574.75;6054.372222222223;801.0;58.0;0.0;2716.0;3.3725730443863414E7;1375.75;8828.372222222224;1899312.54;7016760.0;0.0;508080.0;2.379216E7;1.7290395046666667E7
276.0;0.0;7;4.1029019944813027E-10;26.413893211432637;27.31389321143264;17.0;186.0;8916072.54;4.159063504666665E7;1408542.3;7051702.666666667;8460244.966666667;574.75;6054.372222222223;801.0;58.0;0.0;2716.0;3.436514123645873E7;1375.75;8828.372222222224;1899312.54;7016760.0;0.0;508080.0;2.379216E7;1.7290395046666667E7
277.0;0.0;7;3.0554250627531724E-10;26.413893211432637;27.31389321143264;17.0;186.0;8916072.54;4.159063504666665E7;1408542.3;6326997.6;7735539.899999999;574.75;6054.372222222223;801.0;58.0;0.0;2716.0;3.487727968863523E7;1375.75;8828.372222222224;1899312.54;7016760.0;0.0;508080.0;2.379216E7;1.7290395046666667E7
278.0;0.0;7;2.5975934128617786E-10;26.413893211432637;27.31389321143264;17.0;186.0;8916072.54;4.159063504666665E7;1408542.3;5535006.0;6943548.3;574.75;6054.372222222223;801.0;58.0;0.0;2716.0;3.527049198474972E7;1375.75;8828.372222222224;1899312.54;7016760.0;0.0;508080.0;2.379216E7;1.7290395046666667E7
279.0;0.0;7;2.0252403210785137E-10;26.413893211432637;27.31389321143264;17.0;186.0;8916072.54;4.159063504666665E7;1408542.3;4644289.199999999;6052831.499999999;574.75;6054.372222222223;801.0;58.0;0.0;2716.0;3.561826181140603E7;1375.75;8828.372222222224;1899312.54;7016760.0;0.0;508080.0;2.379216E7;1.7290395046666667E7
280.0;0.0;7;1.757135575070253E-10;26.413893211432637;27.31389321143264;17.0;186.0;8916072.54;4.159063504666665E7;310038.3;4477849.199999999;4787887.499999999;574.75;6054.372222222223;801.0;58.0;0.0;2716.0;3.584557208997062E7;1375.75;8828.372222222224;1899312.54;7016760.0;0.0;508080.0;2.379216E7;1.7290395046666667E7
281.0;0.0;7;1.1774719912399616E-10;26.413893211432637;27.31389321143264;17.0;186.0;8916072.54;4.159063504666665E7;310038.3;4082860.8;4392899.1;574.75;6054.372222222223;801.0;58.0;0.0;2716.0;3.6019836459718555E7;1375.75;8828.372222222224;1899312.54;7016760.0;0.0;508080.0;2.379216E7;1.7290395046666667E7
282.0;0.0;7;1.0963701573644651E-10;26.413893211432637;27.31389321143264;17.0;186.0;8916072.54;4.159063504666665E7;0.0;3393273.6;3393273.6;574.75;6054.372222222223;801.0;58.0;0.0;2716.0;3.613912099376288E7;1375.75;8828.372222222224;1899312.54;7016760.0;0.0;508080.0;2.379216E7;1.7290395046666667E7
283.0;0.0;7;8.950058705039626E-11;26.413893211432637;27.31389321143264;17.0;186.0;8916072.54;4.159063504666665E7;0.0;2908495.1999999997;2908495.1999999997;574.75;6054.372222222223;801.0;58.0;0.0;2716.0;3.6241592097315386E7;1375.75;8828.372222222224;1899312.54;7016760.0;0.0;508080.0;2.379216E7;1.7290395046666667E7
284.0;0.0;7;7.577232940991967E-11;26.413893211432637;27.31389321143264;17.0;186.0;8916072.54;4.159063504666665E7;0.0;1248475.2;1248475.2;574.75;6054.372222222223;801.0;58.0;0.0;2716.0;3.621733721441435E7;1375.75;8828.372222222224;1899312.54;7016760.0;0.0;508080.0;2.379216E7;1.7290395046666667E7
285.0;0.0;7;5.844898653561479E-11;26.413893211432637;27.31389321143264;17.0;186.0;8916072.54;4.159063504666665E7;0.0;1109716.8;1109716.8;574.75;6054.372222222223;801.0;58.0;0.0;2716.0;3.615582731040254E7;1375.75;8828.372222222224;1899312.54;7016760.0;0.0;508080.0;2.379216E7;1.7290395046666667E7
286.0;0.0;7;4.6270699098444065E-11;26.413893211432637;27.31389321143264;17.0;186.0;8916072.54;4.159063504666665E7;0.0;369672.0;369672.0;574.75;6054.372222222223;801.0;58.0;0.0;2716.0;3.601610015077727E7;1375.75;8828.372222222224;1899312.54;7016760.0;0.0;508080.0;2.379216E7;1.7290395046666667E7
287.0;0.0;7;3.7829407867012293E-11;26.413893211432637;27.31389321143264;17.0;186.0;8916072.54;4.159063504666665E7;0.0;0.0;0.0;574.75;6054.372222222223;801.0;58.0;0.0;2716.0;3.582083355753762E7;1375.75;8828.372222222224;1899312.54;7016760.0;0.0;508080.0;2.379216E7;1.7290395046666667E7
