"Cert price";"Expected price";"Floor";"Roof";"Powerprice_N";"tick";"CertificateValue_Lon_Prod";"CertificateValue_Prod";"CertificateValue_Purch"
19.09;15.049399025575257;0.0;250.0;31.2;0.0;0.0;0.0;0.0
17.36;17.987060801901617;0.0;250.0;31.2;1.0;100.03944263622412;19.224540671196664;39.34633001334548
23.55;18.070451736445516;0.0;250.0;31.2;2.0;97.90073500996243;25.318004779600482;44.70385106712729
17.74;18.930068530557417;0.0;250.0;31.2;3.0;128.62719320482165;19.570230922437204;88.07825383855428
17.26;18.44392316051995;0.0;250.0;31.2;4.0;109.63936966195243;19.061336923427763;39.653545285221576
17.36;17.440358755516037;0.0;250.0;31.2;5.0;105.771788878087;19.147135386168877;39.80027367628609
18.72;17.785278113748213;0.0;250.0;31.2;6.0;106.02808253421134;20.48881066086104;41.03056058586011
19.11;19.404097031118663;0.0;250.0;31.2;7.0;113.39275546262225;20.89599200309241;41.48248331464374
19.84;19.696873356426607;0.0;250.0;31.2;8.0;121.72488654348886;21.657912094972048;52.443584780979144
21.1;21.394864886999056;0.0;250.0;31.2;9.0;123.6298668136055;22.941761786953307;57.40910992963674
21.66;21.67195250539174;0.0;250.0;31.2;10.0;129.16133212799292;23.52708747934241;66.01745192189287
22.77;23.62368421111017;0.0;250.0;31.2;11.0;127.50831879897588;24.653872995488502;60.05016704732267
22.38;22.40768272652943;0.0;250.0;37.35294117647059;12.0;135.38589371406897;24.25455736566605;82.00613141087204
23.75;21.79244015531117;0.0;250.0;37.35294117647059;13.0;127.82790623835749;25.620671206148835;59.4658582996176
21.89;23.51823854867207;0.0;250.0;37.35294117647059;14.0;131.7215531412576;23.76643640864257;65.0682514543915
23.3;20.77963727533556;0.0;250.0;37.35294117647059;15.0;119.33753363819093;25.111637824132796;46.018336529498725
20.4;22.421691806490816;0.0;250.0;37.35294117647059;16.0;138.65194043185858;22.23774297896883;88.12750667847924
18.97;21.858342391521614;0.0;250.0;37.35294117647059;17.0;122.8692378175622;20.804245137269394;47.17078737900276
19.99;21.25930345918955;0.0;250.0;37.35294117647059;18.0;120.98819919423303;21.807849522111827;43.59159692116937
19.87;21.230068347663654;0.0;250.0;37.35294117647059;19.0;122.82048673706625;21.70991054245701;43.626571777737716
21.19;20.187041253661913;0.0;250.0;37.35294117647059;20.0;124.25164487299828;23.05207836790588;44.89534766041003
21.33;22.222794823334716;0.0;250.0;37.35294117647059;21.0;128.9047859085819;23.236760301929976;49.919045507480114
20.4;21.63344512320876;0.0;250.0;37.35294117647059;22.0;127.36988634485782;22.35282207689315;44.50761448648673
19.96;20.830600068718926;0.0;250.0;37.35294117647059;23.0;127.5838274005469;21.972514938897223;44.23929750275617
18.93;20.78720436045147;0.0;250.0;29.796232218377547;24.0;124.49782372601858;20.99419512511002;43.451457774519895
20.69;17.107356857831086;0.0;250.0;29.796232218377547;25.0;124.21012091937536;22.726354570347144;45.12334778978788
19.31;19.221467450273504;0.0;250.0;29.796232218377547;26.0;134.26402589454779;21.35626612838459;44.42031326052175
18.37;20.618947303250604;0.0;250.0;29.796232218377547;27.0;127.63067696462093;20.36706422348469;43.76472853205462
18.63;20.09051444023462;0.0;250.0;29.796232218377547;28.0;124.5316241923479;20.58290358662766;44.109861225456065
18.46;18.9662068816921;0.0;250.0;29.796232218377547;29.0;130.66030368147264;20.405495916879403;44.24560990744405
18.43;16.557676100688056;0.0;250.0;29.796232218377547;30.0;139.70428516930752;20.384741669577377;44.4897105734613
19.05;17.927529125006664;0.0;250.0;29.796232218377547;31.0;142.053691357633;21.027510832316253;45.20902932020737
19.57;18.2706275451658;0.0;250.0;29.796232218377547;32.0;147.6592254065096;21.59140015013877;45.832690928950036
19.0;19.80190456178071;0.0;250.0;29.796232218377547;33.0;151.77611864971894;21.085602832144684;48.10508526476782
18.36;17.749792470600493;0.0;250.0;29.796232218377547;34.0;150.13602410155428;20.494468509721496;45.24889172353054
17.17;18.088013753339844;0.0;250.0;29.796232218377547;35.0;146.99040074776283;19.379887871284993;44.4544371276107
14.99302830850706;17.50357349108901;19.906509727885485;74.81712253227992;31.05536332179931;36.0;145.47847525627571;17.26777208356252;42.84208540103818
13.153341631247716;15.6676225526776;19.906509727885485;74.81712253227992;31.05536332179931;37.0;137.0913681704269;15.440638312475903;41.50299497034381
13.245953278667288;14.590124697580276;19.906509727885485;74.81712253227992;31.05536332179931;38.0;138.9991182841491;15.494527357771947;41.88145447924996
12.94628687828502;13.870158129004906;19.906509727885485;74.81712253227992;31.05536332179931;39.0;140.1397729047036;15.137688858588236;41.934533820281416
12.302001325977226;13.665733979617691;19.906509727885485;74.81712253227992;31.05536332179931;40.0;142.16541208014488;14.466649152434373;41.67652246145453
11.465840059212768;10.97518502139539;19.906509727885485;74.81712253227992;31.05536332179931;41.0;144.62524070449564;13.621279308156252;41.242006656740955
11.460242219254773;10.929986294686566;19.906509727885485;74.81712253227992;31.05536332179931;42.0;145.30610481768187;13.620936797670096;41.441230886570004
11.356022339005989;11.216939832813901;19.906509727885485;74.81712253227992;31.05536332179931;43.0;148.68842800606726;13.553679842929414;41.61277120833815
10.785465816993218;11.486042905575427;19.906509727885485;74.81712253227992;31.05536332179931;44.0;152.5766299693407;13.050403549273097;41.39195101037809
10.171040936859155;10.898357877828875;19.906509727885485;74.81712253227992;31.05536332179931;45.0;153.0151219479002;12.50782367421762;41.13199949056943
10.090904764578076;10.605532047287388;19.906509727885485;74.81712253227992;31.05536332179931;46.0;155.6838598845721;12.485757964992711;41.34913121217079
9.893119556214835;10.543694491473607;19.906509727885485;74.81712253227992;31.05536332179931;47.0;157.709047537697;12.469360654038091;41.54044367476893
9.774155569449249;10.490872044001094;20.269973658312246;65.07728247266374;29.683153538231903;48.0;161.50252463341215;12.501873282100943;41.8196542929127
9.66825608502403;10.095972571409295;20.269973658312246;65.07728247266374;29.683153538231903;49.0;162.59223290761267;12.388586613786934;42.04645543620493
9.568287709578748;9.398427410056959;20.269973658312246;65.07728247266374;29.683153538231903;50.0;165.72166752196227;12.224819518542395;45.573234380182384
9.281666713064464;8.90809947954014;20.269973658312246;65.07728247266374;29.683153538231903;51.0;166.91051920257192;11.841291000997051;45.113817426360974
9.136543638362294;9.472111516115916;20.269973658312246;65.07728247266374;29.683153538231903;52.0;167.76361445971278;11.6375221363824;47.60270113523312
8.7405472605798;8.516364656550866;20.269973658312246;65.07728247266374;29.683153538231903;53.0;170.5928036863787;11.212151094822671;49.58693893241946
9.195479623134649;8.641530069833028;20.269973658312246;65.07728247266374;29.683153538231903;54.0;173.74616353822006;11.668305484878157;51.97038111517942
9.010062880410642;8.294233356503971;20.269973658312246;65.07728247266374;29.683153538231903;55.0;176.94331025697235;11.545864322112687;54.067297728358426
8.74661146775689;9.062076903418022;20.269973658312246;65.07728247266374;29.683153538231903;56.0;178.71241692207107;11.38383964987123;53.450227636495164
8.699824588221666;8.382959114966019;20.269973658312246;65.07728247266374;29.683153538231903;57.0;180.79475486598827;11.445273424779227;54.079979075798775
8.869227196825912;8.702176373486258;20.269973658312246;65.07728247266374;29.683153538231903;58.0;184.7212769024059;11.710496646091208;57.45854386911467
8.895180307174462;8.716803928312459;20.269973658312246;65.07728247266374;29.683153538231903;59.0;188.89522205206868;11.872354813038635;59.286164047626926
9.205057070961011;8.58386440274041;21.182463220140743;66.0128402482155;28.269670036411338;60.0;191.54286775472622;12.258766959550115;61.736014563253356
9.414890725642927;9.270172890328372;21.182463220140743;66.0128402482155;28.269670036411338;61.0;194.1521998722815;12.453707689358692;63.87302311165477
9.481435372590372;8.884510543223476;21.182463220140743;66.0128402482155;28.269670036411338;62.0;196.42532422512343;12.43451235977867;65.48452949581113
9.504647402898959;9.025122126002936;21.182463220140743;66.0128402482155;28.269670036411338;63.0;198.79534745276564;12.327941263767936;68.88922140835363
9.619940024261753;8.565755784663743;21.182463220140743;66.0128402482155;28.269670036411338;64.0;202.7937483370321;12.36204872937156;69.01365333110944
10.050492025059055;8.601846580899444;21.182463220140743;66.0128402482155;28.269670036411338;65.0;205.49611070575185;12.740702541896791;71.78328725633642
10.289118938807304;9.380132139683019;21.182463220140743;66.0128402482155;28.269670036411338;66.0;208.3073408889103;12.986695705667506;70.88160148796378
10.13756841633074;9.532219945692152;21.182463220140743;66.0128402482155;28.269670036411338;67.0;211.73960349917607;12.915518582341116;73.0225559594629
10.294010460080584;9.154160278268373;21.182463220140743;66.0128402482155;28.269670036411338;68.0;213.94051102092064;13.19457896524338;72.67687477393538
10.356184077066558;11.276348472640521;21.182463220140743;66.0128402482155;28.269670036411338;69.0;216.50263589115937;13.397970171635631;75.97654838325312
11.048967658887031;11.38393029864386;21.182463220140743;66.0128402482155;28.269670036411338;70.0;220.91807594439385;14.208164536654635;80.02415048452184
11.751255900238007;11.207458722802956;21.182463220140743;66.0128402482155;28.269670036411338;71.0;224.38015436823432;15.06980594768717;80.71465371581476
11.873705033459267;13.172888965547456;20.200859142802738;62.93028327106392;27.35307045686346;72.0;229.4787986938253;15.284709481225265;88.95180775408747
12.096156568871264;13.05985175429206;20.200859142802738;62.93028327106392;27.35307045686346;73.0;230.28910586429248;15.489451484985738;89.56404204092378
12.579438935449081;11.983852181657044;20.200859142802738;62.93028327106392;27.35307045686346;74.0;235.8087342272187;15.855126958811026;101.42684927667274
13.19398906419789;12.297394433618798;20.200859142802738;62.93028327106392;27.35307045686346;75.0;237.50547885151994;16.292628895144425;104.21036548716276
13.589550688028583;12.236279177721508;20.200859142802738;62.93028327106392;27.35307045686346;76.0;240.78737735800672;16.579283201572014;106.50628536185819
14.104590489192098;12.933923018061774;20.200859142802738;62.93028327106392;27.35307045686346;77.0;245.40016641711622;17.027881218179957;111.74676421523594
15.0677525593411;13.174318761274042;20.200859142802738;62.93028327106392;27.35307045686346;78.0;250.8146439382473;17.99017173296031;116.80708341833251
15.705508238821823;14.897139705408476;20.200859142802738;62.93028327106392;27.35307045686346;79.0;257.291653024183;18.717821012421084;125.79548264242973
16.346756191342774;15.878680407506272;20.200859142802738;62.93028327106392;27.35307045686346;80.0;261.88936996874753;19.510426078939254;131.61399246287831
17.076635676605534;16.47702641902935;20.200859142802738;62.93028327106392;27.35307045686346;81.0;263.82060118322653;20.41152806328312;130.9521442013579
18.48449311809779;15.888939981561155;20.200859142802738;62.93028327106392;27.35307045686346;82.0;270.42385644034806;21.964674571064158;140.77113412287142
18.82185993784804;17.364821293481214;20.200859142802738;62.93028327106392;27.35307045686346;83.0;273.56728596738884;22.507102233092237;142.6495413035221
19.15946114353798;18.63890012636858;17.937280970618044;64.9342690801257;27.260721433116093;84.0;278.01505971970533;22.956291407440833;151.31136768931242
19.98361157598544;19.123942860366896;17.937280970618044;64.9342690801257;27.260721433116093;85.0;281.3127002502537;23.745418523154772;155.63202976471052
20.47147931843689;20.758372853491114;17.937280970618044;64.9342690801257;27.260721433116093;86.0;285.53162065136775;24.089934718980135;163.22609633186252
21.31404613911141;21.326060969002864;17.937280970618044;64.9342690801257;27.260721433116093;87.0;288.947906270215;24.70727065466612;167.79689701558806
21.794617271627654;21.495209952052402;17.937280970618044;64.9342690801257;27.260721433116093;88.0;294.7627021296344;25.048773460093457;173.2693972429821
22.57340545445674;20.119180128845365;17.937280970618044;64.9342690801257;27.260721433116093;89.0;302.161729119546;25.73583640182732;175.7083588739249
24.01184942147197;21.09075147320478;17.937280970618044;64.9342690801257;27.260721433116093;90.0;312.42127830293276;27.16569821720685;184.19701904569212
24.79343222322265;23.59305024720981;17.937280970618044;64.9342690801257;27.260721433116093;91.0;325.36604300603267;28.063788947602994;189.34484722367972
26.95538692830442;24.97222435203353;17.937280970618044;64.9342690801257;27.260721433116093;92.0;345.1199036692171;30.395744117285545;196.4769578225668
27.686726040191573;23.91064160262887;17.937280970618044;64.9342690801257;27.260721433116093;93.0;364.08002846702533;74.55070730494015;216.31740730590866
28.478343597091634;26.456377564536215;17.937280970618044;64.9342690801257;27.260721433116093;94.0;374.24330118202727;105.33548539669741;230.98994948805552
30.792741488288925;25.038018324268773;17.937280970618044;64.9342690801257;27.260721433116093;95.0;386.6783836441681;137.73878631154923;247.6978450123343
31.779697224466663;30.555251439334512;25.239611612134677;91.6724376331898;27.509701644199676;96.0;394.46451532886874;228.71300456314268;258.79215279340116
33.431214512136904;31.166351328187993;25.239611612134677;91.6724376331898;27.509701644199676;97.0;397.8320228452842;250.85091538802547;260.1850122733514
34.160854453862115;32.25452309062377;25.239611612134677;91.6724376331898;27.509701644199676;98.0;399.478913718858;215.1771469853448;261.05692626637557
35.608356560403564;34.51829196151479;25.239611612134677;91.6724376331898;27.509701644199676;99.0;402.2941407620952;182.81087383094274;262.41559999219265
37.69562105606751;34.73730907030791;25.239611612134677;91.6724376331898;27.509701644199676;100.0;408.0225305663213;185.64921742034474;264.18554996930686
41.03614266996099;37.208701021241154;25.239611612134677;91.6724376331898;27.509701644199676;101.0;415.8905925599445;206.93778231650887;266.7710983845732
43.642137240017775;37.96254801294917;25.239611612134677;91.6724376331898;27.509701644199676;102.0;423.3503553839469;240.74065684883092;268.769919079602
47.333019379678035;40.78776588969344;25.239611612134677;91.6724376331898;27.509701644199676;103.0;431.28942981929254;278.41214635440184;271.47218574434066
50.40583005533508;46.27274386864178;25.239611612134677;91.6724376331898;27.509701644199676;104.0;437.61299960036985;301.99881401304816;273.77042908187053
54.23119140762951;48.537940191427985;25.239611612134677;91.6724376331898;27.509701644199676;105.0;443.51411719064555;289.7567294429258;276.6002618463293
57.948254331886886;54.14412284686818;25.239611612134677;91.6724376331898;27.509701644199676;106.0;449.78837168445943;262.40171830818514;279.4108925402642
60.512205772520026;54.89271437646463;25.239611612134677;91.6724376331898;27.509701644199676;107.0;455.00439087905994;244.43099894103997;281.51213938238766
66.12343658320417;59.97022632683781;56.98693262278674;171.74150923599655;26.71424861825049;108.0;442.7658614129823;257.2345673636615;279.8887130335051
68.26845606715429;64.52854200737895;56.98693262278674;171.74150923599655;26.71424861825049;109.0;445.8310491965953;279.2498339336789;281.66788211494867
71.87624107041421;65.35607800906446;56.98693262278674;171.74150923599655;26.71424861825049;110.0;449.36883638705586;246.68741871723216;284.8126475657042
78.39076186561459;66.1197361431609;56.98693262278674;171.74150923599655;26.71424861825049;111.0;455.69987132767403;219.922901950283;298.39280244941017
83.25999865290572;76.0748306201778;56.98693262278674;171.74150923599655;26.71424861825049;112.0;462.90118367944604;225.21261403930677;309.0251788110996
86.86509320794603;80.31554873042208;56.98693262278674;171.74150923599655;26.71424861825049;113.0;470.5272857160953;245.98297183801174;317.60651182271465
92.80726928682797;78.84741104951038;56.98693262278674;171.74150923599655;26.71424861825049;114.0;479.65179061020166;282.2643953944213;329.9304907907074
100.19250081989765;84.54772056993082;56.98693262278674;171.74150923599655;26.71424861825049;115.0;490.1859889927068;327.35926437254346;346.0411401880286
110.12434577433437;97.3589288443064;56.98693262278674;171.74150923599655;26.71424861825049;116.0;500.1974966041838;381.6420008552065;367.64326391644346
121.25951359661282;103.03028488462404;56.98693262278674;171.74150923599655;26.71424861825049;117.0;509.81791650395485;400.41388186996664;391.2712522537688
128.5156683407721;133.3911112989498;56.98693262278674;171.74150923599655;26.71424861825049;118.0;517.7949869813027;384.73271356975;407.33365699783485
137.81991269430407;128.86191262420456;56.98693262278674;171.74150923599655;26.71424861825049;119.0;528.0227777996563;383.9722117818292;426.8995143599316
147.56073157636192;141.31973896112981;119.98460443634242;445.568916164501;27.863950353559517;120.0;518.2441825809785;421.69993823367355;441.10080986162865
161.13298693490592;156.21455426938604;119.98460443634242;445.568916164501;27.863950353559517;121.0;529.1489375711741;491.6873489474667;473.5600737862149
171.27295441151614;152.20255932688116;119.98460443634242;445.568916164501;27.863950353559517;122.0;534.962960968568;457.2924403522829;494.28811026734724
180.67314615600364;180.0464860622564;119.98460443634242;445.568916164501;27.863950353559517;123.0;539.72707757411;421.6439970616723;511.61722768550135
190.72410471233025;169.3678347088764;119.98460443634242;445.568916164501;27.863950353559517;124.0;549.2027735075425;442.8114520954407;533.2630885107612
211.47325197379345;190.79181113357464;119.98460443634242;445.568916164501;27.863950353559517;125.0;567.2155668140178;522.8142669270862;576.1402749897086
230.23436780475248;198.41222276688393;119.98460443634242;445.568916164501;27.863950353559517;126.0;581.960873833991;634.9869283443858;615.6777292736415
243.41523406866807;225.15160745474412;119.98460443634242;445.568916164501;27.863950353559517;127.0;592.9468198969671;750.7283392309092;638.4496863701656
269.6103697341586;208.51210359852857;119.98460443634242;445.568916164501;27.863950353559517;128.0;610.4523226995836;886.6608136074345;688.030159075368
289.59053247926204;272.36979272664774;119.98460443634242;445.568916164501;27.863950353559517;129.0;621.683717185573;912.0198381977896;729.7372462760575
326.2542808654704;302.49505981593813;119.98460443634242;445.568916164501;27.863950353559517;130.0;639.6106865560175;936.6003380541521;803.7498442498128
353.69252267446655;321.53865697678776;119.98460443634242;445.568916164501;27.863950353559517;131.0;652.8583381736081;949.6588003020635;856.6940943377401
384.0965892774644;343.37157157463963;307.4656550746812;1027.5728421176495;28.137946685717818;132.0;664.8801372017223;1074.0359968571693;913.7376805362316
403.0041746742268;400.8608936045506;307.4656550746812;1027.5728421176495;28.137946685717818;133.0;669.853208596179;1216.4802497743776;951.3335564610632
425.6228551301623;392.70814279303744;307.4656550746812;1027.5728421176495;28.137946685717818;134.0;673.8317771281959;1102.7155339617516;995.1705728060056
463.476474983786;436.54377886374334;307.4656550746812;1027.5728421176495;28.137946685717818;135.0;685.1497371486948;1038.9203038364396;1069.5957571869199
511.58424327992003;490.29215556397185;307.4656550746812;1027.5728421176495;28.137946685717818;136.0;705.9116780544798;1135.207582690802;1161.9341090645373
544.605806045008;506.944936061197;307.4656550746812;1027.5728421176495;28.137946685717818;137.0;719.7240230921916;1279.454836489946;1221.6392408537974
579.9404446033149;524.9842193086957;307.4656550746812;1027.5728421176495;28.137946685717818;138.0;734.3033254044909;1522.5195448771155;1288.7518483648762
645.4115918296561;524.1108207211283;307.4656550746812;1027.5728421176495;28.137946685717818;139.0;758.2170156722734;1912.5114737641868;1406.7557234761534
698.148355847203;648.6399238047538;307.4656550746812;1027.5728421176495;28.137946685717818;140.0;771.256259429912;2232.6895246961326;1508.2775031089843
756.5468232398717;709.3094340993157;307.4656550746812;1027.5728421176495;28.137946685717818;141.0;781.4000225583862;2358.088638057358;1615.0356369680858
814.4478872781835;750.0633370748445;307.4656550746812;1027.5728421176495;28.137946685717818;142.0;789.9577702830419;2338.4707404431374;1716.185181025127
871.28392160944;767.6805904214362;307.4656550746812;1027.5728421176495;28.137946685717818;143.0;793.9962633980991;2338.46689280758;1826.7078001394946
939.863460954963;835.2439578417129;763.7931402737462;2468.3334739744264;27.98835376044647;144.0;805.3857394393451;2593.059708533255;1962.5133461039686
1020.7166094176255;835.42566179847;763.7931402737462;2468.3334739744264;27.98835376044647;145.0;811.6353681573344;2972.9371637956597;2111.264290577337
1106.516398641435;923.0155788354807;763.7931402737462;2468.3334739744264;27.98835376044647;146.0;815.7032272858944;2775.650935042992;2267.2088336732645
1190.6413105322706;1087.9829090657772;763.7931402737462;2468.3334739744264;27.98835376044647;147.0;817.7794077941603;2597.686906240363;2417.416601014455
1304.65440581891;997.7861266062521;763.7931402737462;2468.3334739744264;27.98835376044647;148.0;830.3414169511406;2811.565391447686;2617.499165403012
1434.0842727140346;1145.799646809722;763.7931402737462;2468.3334739744264;27.98835376044647;149.0;842.8477254031704;3264.810646093011;2848.146763050014
1592.0093893228006;1322.2704597977577;763.7931402737462;2468.3334739744264;27.98835376044647;150.0;855.5557682081476;4056.1150237428897;3124.047895558302
1676.9891619157686;1631.3290576536126;763.7931402737462;2468.3334739744264;27.98835376044647;151.0;846.7449759690821;4847.870295200152;3260.4812355221907
1949.2085522966918;1578.3760221630785;763.7931402737462;2468.3334739744264;27.98835376044647;152.0;858.1201453563898;6109.7559359346005;3738.060982957981
2142.022857286447;1738.232473849721;763.7931402737462;2468.3334739744264;27.98835376044647;153.0;846.4137054274262;6574.71899172784;4060.974505772595
2380.1474256528263;2043.0378686833583;763.7931402737462;2468.3334739744264;27.98835376044647;154.0;832.4666306629186;6702.435873917135;4452.875170525249
2622.0507319212397;2365.3174343220503;763.7931402737462;2468.3334739744264;27.98835376044647;155.0;811.1506043506657;6863.2146628488445;4858.0508077535205
2867.7562168269155;2528.384604336089;2494.1252956474655;7371.873727396276;27.98835376044647;156.0;784.1140124951339;7901.004657402942;5274.329750889999
3065.8163198468274;2699.8192511491097;2494.1252956474655;7371.873727396276;27.98835376044647;157.0;751.3080205151598;9122.483885253096;5597.296711038813
3234.388063908329;3025.54992627149;2494.1252956474655;7371.873727396276;27.98835376044647;158.0;711.1253279919852;8057.641963674381;5860.11493627396
3474.6666653516463;3499.2271840003323;2494.1252956474655;7371.873727396276;27.98835376044647;159.0;674.4874689116484;7420.690263579271;6244.023854419936
3821.401014577195;3468.2562909840267;2494.1252956474655;7371.873727396276;27.98835376044647;160.0;643.5142208485823;7983.882412583533;6805.9975567151305
4193.397768734676;4019.7018839537573;2494.1252956474655;7371.873727396276;27.98835376044647;161.0;610.5440353890875;9197.174305383292;7395.48345820497
4635.487573713571;4226.458964335754;2494.1252956474655;7371.873727396276;27.98835376044647;162.0;614.2942766814856;11448.35458283519;8082.754363382944
5184.547261961639;4390.900734635021;2494.1252956474655;7371.873727396276;27.98835376044647;163.0;617.8648981743971;14785.14091291777;8931.069679468164
5713.33704218492;5335.315098326535;2494.1252956474655;7371.873727396276;27.98835376044647;164.0;620.1560383189718;17995.968885605915;9729.773667128911
5897.860734279729;5617.0102231235505;2494.1252956474655;7371.873727396276;27.98835376044647;165.0;618.6424541799686;18524.276303679766;9928.397841031065
6727.790197479443;5640.02917641153;2494.1252956474655;7371.873727396276;27.98835376044647;166.0;618.7762431288297;19541.933439435867;11192.522814124522
7039.386761142103;6629.673412583882;2494.1252956474655;7371.873727396276;27.98835376044647;167.0;618.1801014974637;18932.242558071895;11594.772087058604
7835.755455299079;7141.1603751315315;5633.001991326377;20745.20611700529;27.98835376044647;168.0;618.6932177574699;21948.07101509862;12740.023372802432
8476.8028563363;8167.609078299327;5633.001991326377;20745.20611700529;27.98835376044647;169.0;620.331892793636;25054.643961881757;13634.13889580309
9591.200572800884;8901.06666848589;5633.001991326377;20745.20611700529;27.98835376044647;170.0;619.9934876782368;23165.6758236987;15144.652980344557
10258.962896791465;9524.760577284724;5633.001991326377;20745.20611700529;27.98835376044647;171.0;620.2042340293892;21025.30856278831;15902.338120366136
11137.547888853991;9833.774182635281;5633.001991326377;20745.20611700529;27.98835376044647;172.0;626.1061709510603;22110.40862493387;16976.656905937078
12312.413591652843;11038.442701745564;5633.001991326377;20745.20611700529;27.98835376044647;173.0;632.582627677496;25424.388186150514;18481.838747578622
13425.487771556756;11362.928480852248;5633.001991326377;20745.20611700529;27.98835376044647;174.0;639.7468587689186;31267.1638678402;19856.143229115412
14547.927424289997;13144.317975589272;5633.001991326377;20745.20611700529;27.98835376044647;175.0;644.8542779801406;39534.19039239437;21197.147781367705
15137.767357956669;14057.83342146959;5633.001991326377;20745.20611700529;27.98835376044647;176.0;648.0669629887801;46032.78832614975;21730.18181831292
16705.523101454633;14464.112854929206;5633.001991326377;20745.20611700529;27.98835376044647;177.0;648.2289117809771;51438.56068665665;23597.86472969564
18412.712089560413;16911.897745061426;5633.001991326377;20745.20611700529;27.98835376044647;178.0;647.5433034192419;53106.754257036344;25493.019367088116
20205.986221551088;16417.620990444975;5633.001991326377;20745.20611700529;27.98835376044647;179.0;646.5380484092378;54084.32784044191;27347.8813830529
21443.17773784256;18143.443061054713;17651.49513445782;58086.15213403289;27.98835376044647;180.0;647.9795885697325;61895.14101225848;28276.90361255998
23370.987654109595;19097.32184214612;17651.49513445782;58086.15213403289;27.98835376044647;181.0;650.1582638800505;73706.49537319412;30031.9779695972
26259.035983308197;23818.644112601345;17651.49513445782;58086.15213403289;27.98835376044647;182.0;648.2100779819601;63835.023283280934;32332.515207932764
29153.141241571888;26217.396815780812;17651.49513445782;58086.15213403289;27.98835376044647;183.0;647.5355881676664;58510.100740251146;34289.339472203355
32459.027170397603;28608.11144051159;17651.49513445782;58086.15213403289;27.98835376044647;184.0;655.5715522342895;62666.08629496847;36743.13596279172
34716.47655359527;30824.53837540614;17651.49513445782;58086.15213403289;27.98835376044647;185.0;664.907406008304;69765.94344516374;37929.83831768552
37920.91985231021;34467.79852184285;17651.49513445782;58086.15213403289;27.98835376044647;186.0;675.5518377025363;87200.65061014912;40441.94910190566
40861.88408657999;36661.08794924047;17651.49513445782;58086.15213403289;27.98835376044647;187.0;683.2746686861175;113196.29093115318;42387.22066750592
45291.367256809914;40136.947229633864;17651.49513445782;58086.15213403289;27.98835376044647;188.0;687.7374139837112;144837.95495759914;45099.32412385976
51660.10354485704;46859.23691950221;17651.49513445782;58086.15213403289;27.98835376044647;189.0;687.1573972675634;171280.42631989426;48395.96846843698
55322.92263249835;49244.47286958574;17651.49513445782;58086.15213403289;27.98835376044647;190.0;684.9174322699507;173864.2649730826;47366.45241428437
61776.3407183077;59394.743836520094;17651.49513445782;58086.15213403289;27.98835376044647;191.0;681.2422516526016;179091.50498558115;46407.40398594431
68065.4200144714;60146.05811913617;56256.77231307314;185154.33968702646;27.98835376044647;192.0;680.518360528332;195435.57501196867;41537.07737268068
71786.77855346353;64320.1756684501;56256.77231307314;185154.33968702646;27.98835376044647;193.0;680.6050373025232;202163.2041760049;32804.261807832445
78077.4151462603;66743.82118565183;56256.77231307314;185154.33968702646;27.98835376044647;194.0;680.1090266291865;170455.94039896142;21005.376802602375
87034.5952413597;79199.43311348006;56256.77231307314;185154.33968702646;27.98835376044647;195.0;681.1212240489232;158774.3720299848;3366.556464089384
93404.81929510721;83349.30136639946;56256.77231307314;185154.33968702646;27.98835376044647;196.0;696.5560336674795;165202.3180515064;-16138.963727199109
100337.99293746681;88565.27960377726;56256.77231307314;185154.33968702646;27.98835376044647;197.0;713.9134657440545;184937.8673512034;-39230.483302906745
107835.15338706273;95726.48739760072;56256.77231307314;185154.33968702646;27.98835376044647;198.0;734.4630054553818;230104.03393794448;-67871.76498146045
114604.09929131655;96708.5475971185;56256.77231307314;185154.33968702646;27.98835376044647;199.0;750.6075894637671;310805.0435068362;-103982.55662972227
128899.50101976881;115296.27971051705;56256.77231307314;185154.33968702646;27.98835376044647;200.0;760.4255062370888;426624.98062465264;-173645.2152103075
139480.0565884177;132125.32648394472;56256.77231307314;185154.33968702646;27.98835376044647;201.0;758.5029591061227;471754.84747505013;-301595.7170966973
146599.37861092182;135024.42420514458;56256.77231307314;185154.33968702646;27.98835376044647;202.0;753.4617660424416;434346.3890085374;-621903.0340198894
167678.14686984225;160533.80656668017;56256.77231307314;185154.33968702646;27.98835376044647;203.0;745.1376124566807;141964.3704345126;-3495741.1056207353
193180.95357760997;153147.1873222069;144449.26001001382;486721.01449905446;27.98835376044647;204.0;740.979244181692;553602.7145806543;-155554.24885212458
206401.69245743912;176892.51419312033;144449.26001001382;486721.01449905446;27.98835376044647;205.0;737.2115213196605;566354.3174501001;-337604.5368942183
225378.9075653487;206047.31668870547;144449.26001001382;486721.01449905446;27.98835376044647;206.0;731.8798405262492;400130.7072681468;-727350.5790604176
257266.49166031773;210878.10721036943;144449.26001001382;486721.01449905446;27.98835376044647;207.0;729.2776698436174;261398.37057788201;-1979967.1785735246
269949.62052706676;253206.301810811;144449.26001001382;486721.01449905446;27.98835376044647;208.0;753.8643096050722;-803097.7275994477;-1.8472916083962716E7
296154.8808638298;267777.5321709172;144449.26001001382;486721.01449905446;27.98835376044647;209.0;786.166874522957;463790.81948364305;-46988.62118006185
322562.84617275756;272631.0008287781;144449.26001001382;486721.01449905446;27.98835376044647;210.0;811.0371461640589;619096.3349856546;-200193.46447199053
339480.76214779034;315414.9221625636;144449.26001001382;486721.01449905446;27.98835376044647;211.0;828.7294349849691;839766.0384240616;-447811.0571784788
377682.83403107594;336891.4350208743;144449.26001001382;486721.01449905446;27.98835376044647;212.0;837.8671081279306;1094330.401124326;-1053262.983296225
428206.85865590634;358449.42957138416;144449.26001001382;486721.01449905446;27.98835376044647;213.0;830.3271390407964;1106948.7065123017;-3486373.368178077
490079.0411586874;395833.7102899465;144449.26001001382;486721.01449905446;27.98835376044647;214.0;815.5385716839419;1539011.421172674;631074.798921052
517413.7625538559;425566.47950523393;144449.26001001382;486721.01449905446;27.98835376044647;215.0;788.9429314775705;1484958.175235528;652827.463606042
583598.1820153369;466096.9428257837;446491.4837624563;1476532.6288881407;27.98835376044647;216.0;769.3284853158393;1692129.533848153;721870.8112688939
655302.9497637796;565385.2007695244;446491.4837624563;1476532.6288881407;27.98835376044647;217.0;746.3791658943833;1871051.1089388162;795619.3598506461
712193.7452368379;681329.6473931193;446491.4837624563;1476532.6288881407;27.98835376044647;218.0;716.1886595947453;1358956.267741853;846175.4187912784
775952.2680165934;700182.8064064472;446491.4837624563;1476532.6288881407;27.98835376044647;219.0;687.7872150706169;1048168.0332650325;901964.6828635895
848545.9916777246;796885.3014059528;446491.4837624563;1476532.6288881407;27.98835376044647;220.0;712.0150713242447;1061477.4320058238;982756.0219078081
1016234.2687285641;764009.5791234135;446491.4837624563;1476532.6288881407;27.98835376044647;221.0;761.2198903909235;1435362.2328095082;1172357.270742265
1127702.251843704;939933.8181822635;446491.4837624563;1476532.6288881407;27.98835376044647;222.0;874.3672394608633;2233404.159521803;1295760.1909008224
1257594.6255365368;1054013.682316197;446491.4837624563;1476532.6288881407;27.98835376044647;223.0;1014.6203371369985;3731475.7298082644;1417028.5385094248
1353045.7601119485;1269531.0359111214;446491.4837624563;1476532.6288881407;27.98835376044647;224.0;1232.4430899014476;5359879.308050251;1476783.2159566805
1541661.9513634471;1364728.1315745362;446491.4837624563;1476532.6288881407;27.98835376044647;225.0;NaN;6715470.486350516;1606543.0637355347
1683046.3094136666;1417196.9268209608;446491.4837624563;1476532.6288881407;27.98835376044647;226.0;NaN;6795750.799478416;1664992.6887774465
1900736.7782512044;1534866.2334111894;446491.4837624563;1476532.6288881407;27.98835376044647;227.0;NaN;6541088.362954367;1772727.2769336319
2090437.4412292158;1757070.1670418927;1689082.93160095;5170598.602769557;27.98835376044647;228.0;NaN;7096145.363360722;1832498.258222823
2515184.5250846553;1934757.3269881965;1689082.93160095;5170598.602769557;27.98835376044647;229.0;NaN;8309008.575314031;2063126.2682547942
2757304.4158517844;2429090.8546624626;1689082.93160095;5170598.602769557;27.98835376044647;230.0;NaN;5848614.728126634;2101081.3005749527
3006961.5320540746;2441937.500796889;1689082.93160095;5170598.602769557;27.98835376044647;231.0;NaN;4467662.296258743;2116706.4423532593
3333416.226281567;2959523.5915871733;1689082.93160095;5170598.602769557;27.98835376044647;232.0;NaN;4644688.582696228;2196244.3241974395
3907209.9761585486;3222217.87127733;1689082.93160095;5170598.602769557;27.98835376044647;233.0;NaN;5942549.632533068;2404990.5921814386
4172624.6607836625;3245673.6005388065;1689082.93160095;5170598.602769557;27.98835376044647;234.0;NaN;8337552.31180898;2369089.901829327
4840728.379912877;3981063.6292548766;1689082.93160095;5170598.602769557;27.98835376044647;235.0;NaN;1.364243642112424E7;2459829.398322136
5279977.481508567;4390436.178915284;1689082.93160095;5170598.602769557;27.98835376044647;236.0;NaN;1.8900132061236124E7;2311675.091015824
5724221.4197448995;5019781.647339138;1689082.93160095;5170598.602769557;27.98835376044647;237.0;NaN;2.1469724066460118E7;2045958.5846029206
6812871.076287267;5425175.403582158;1689082.93160095;5170598.602769557;27.98835376044647;238.0;NaN;2.3700649067888267E7;1859951.0385023735
7235174.677007104;5999026.574198514;1689082.93160095;5170598.602769557;27.98835376044647;239.0;NaN;2.3421396074153718E7;1339521.2107675702
8081182.489197026;7037163.642955943;6500025.719752842;2.0306772318419147E7;27.98835376044647;240.0;NaN;2.703941942672882E7;757059.0882895476
9792735.43537432;8070235.107494238;6500025.719752842;2.0306772318419147E7;27.98835376044647;241.0;NaN;3.146351909609977E7;806.0905080456491
1.094459063977291E7;9812699.537665037;6500025.719752842;2.0306772318419147E7;27.98835376044647;242.0;NaN;2.3880585883564357E7;795.5372793375033
1.2068506587789763E7;1.0273844044155948E7;6500025.719752842;2.0306772318419147E7;27.98835376044647;243.0;NaN;1.885672384008037E7;787.9994434071434
1.2942258322952522E7;1.0869361648018626E7;6500025.719752842;2.0306772318419147E7;27.98835376044647;244.0;NaN;1.8634006940334305E7;800.1911330492405
1.4763497481900752E7;1.2673325843738332E7;6500025.719752842;2.0306772318419147E7;27.98835376044647;245.0;NaN;2.277492208263718E7;816.3814676228352
1.595926303266846E7;1.32712733502456E7;6500025.719752842;2.0306772318419147E7;27.98835376044647;246.0;NaN;3.1168333589082204E7;837.1052249729414
1.8426334461367723E7;1.7433788746905573E7;6500025.719752842;2.0306772318419147E7;27.98835376044647;247.0;NaN;4.9268295159994334E7;851.1699111210929
2.061702771339341E7;1.8843330674543805E7;6500025.719752842;2.0306772318419147E7;27.98835376044647;248.0;NaN;7.015199134098572E7;856.4432692107409
2.2941011437421583E7;1.9968034868421637E7;6500025.719752842;2.0306772318419147E7;27.98835376044647;249.0;NaN;8.755674212179798E7;844.8824881382205
2.6367434992667206E7;2.3238991514481492E7;6500025.719752842;2.0306772318419147E7;27.98835376044647;250.0;NaN;8.970448404737687E7;825.313903988706
2.8970933770643406E7;2.6168645218359858E7;6500025.719752842;2.0306772318419147E7;27.98835376044647;251.0;NaN;7.809021827825154E7;793.2363992306425
